phecode	cases	controls	p_value	neg_log_p_value	standard_error	beta	conf_int_1	conf_int_2	odds_ratio	log10_odds_ratio	converged	phecode_sex_restriction	phecode_string	phecode_category
GU_612	95	601	0.013724510278346215	1.8625031432134898	0.224	0.5520850821233161	0.113	0.991	1.7368707630873774	0.2397675047072598	True	Female	Other nonmalignant breast conditions	Genitourinary
MS_741.7	98	1252	0.004908668253859497	2.3090363181520526	0.213	0.5979806342420916	0.181	1.015	1.8184429887313713	0.2596996897363471	True	Both	Back sprain	Muscloskeletal
EM_237	57	1334	0.054320104894785066	1.2650394000828133	0.273	0.5262617179091461	-0.01	1.062	1.6925930766966821	0.22855256012486785	True	Both	Abnormal weight gain	Endocrine/Metab
CV_416.4	53	1335	0.6077271059020434	0.21629139277699844	0.288	0.1476179358170497	-0.416	0.711	1.159069972633639	0.06410965495529312	True	Both	Heart block	Cardiovascular
GU_581	127	1224	0.7312141027604191	0.13595544105435917	0.191	-0.0657068626456424	-0.441	0.309	0.9364053194410726	-0.02853612787017741	True	Both	Renal tubulo-interstitial diseases	Genitourinary
RE_495	239	1080	0.010972449260269983	1.9596964187797046	0.15	0.3825146217169977	0.088	0.677	1.4659663091453594	0.16612398945900186	True	Both	Abnormal findings on diagnostic imaging of lung	Respiratory
RE_498	149	1205	0.27191605948463893	0.5655651420278109	0.182	-0.19994306368467152	-0.557	0.157	0.8187773699173911	-0.08683416925308331	True	Both	Asphyxia and hypoxemia	Respiratory
MS_723	192	1166	0.00013184304542027532	3.8799427738360888	0.167	0.6392900754930492	0.312	0.967	1.8951349988450563	0.27764015212214455	True	Both	Enthesopathy/Enthesitis/Tendinopathy	Muscloskeletal
SS_809.21	318	1026	0.09429843646453988	1.0254955081158212	0.134	0.22488065935881613	-0.039	0.488	1.2521732721134984	0.09766442944629873	True	Both	Chronic pain syndrome	Symptoms
EM_239.3	105	1304	0.060099102089610446	1.2211320165237245	0.214	0.4025972836424993	-0.017	0.822	1.4957044257220558	0.17484577871517576	True	Both	Mixed hyperlipidemia	Endocrine/Metab
ID_054.32	53	1371	0.000025935053350716848	4.586112854287011	0.306	1.2868740030291044	0.687	1.886	3.621448207038542	0.5588822784202886	True	Both	Acute hepatitis C	Infections
SS_809.34	261	1033	0.00003793297772892531	4.420983063954706	0.142	0.5866237530317173	0.308	0.866	1.7979079752892266	0.2547674588950508	True	Both	Pain in foot and toes*	Symptoms
MS_745	430	911	0.0011430056817393712	2.941951610775389	0.121	0.39422103409944215	0.157	0.632	1.4832283564891096	0.1712080197595814	True	Both	Fractures	Muscloskeletal
MB_284	340	1003	5.928537643924214e-6	5.227052418186348	0.129	0.5832842203490574	0.331	0.836	1.7919138172594646	0.25331711827883596	True	Both	Suicide ideation and attempt or self harm	Mental
MS_700	97	1310	0.009169673810626952	2.037646113050196	0.215	0.559282279210955	0.139	0.98	1.7494164570459234	0.2428932076875915	True	Both	Diffuse diseases of connective tissue	Muscloskeletal
BI_177.2	100	1253	0.021549388079270638	1.6665650576410356	0.21	0.4827092517080561	0.071	0.894	1.6204586909164975	0.20963796438045662	True	Both	Enlargement of lymph nodes [Lymphadenopathy]	Blood/Immune
EM_239	414	953	0.0006283869481845876	3.2017728439857858	0.14	0.48002655422526413	0.205	0.755	1.6161173163663867	0.20847288366706432	True	Both	Hyperlipidemia	Endocrine/Metab
MS_713	771	516	1.1937102858901973e-11	10.923101063915546	0.126	0.8567169410640992	0.609	1.104	2.355415019582889	0.37206744005717174	True	Both	Symptoms related to joints	Muscloskeletal
MS_745.61	61	1354	0.8250082608773887	0.08354170280097943	0.27	-0.059691483087315325	-0.589	0.469	0.9420551286950742	-0.02592368172144235	True	Both	Fracture of vertebrae	Muscloskeletal
DE_686.2	95	1285	0.42335789750322794	0.3732923342977085	0.222	-0.17742047077627937	-0.612	0.257	0.8374275966541864	-0.07705273143481527	True	Both	Non-pressure chronic ulcer	Dermatological
GI_507	83	1260	0.00027931477041803857	3.553906097806196	0.232	0.8445995993779687	0.389	1.3	2.3270458773917695	0.366804945427549	True	Both	Lesions of mouth	Gastrointestinal
GI_522	354	954	0.012528485253078172	1.9021014338738647	0.128	0.31879956896146106	0.069	0.569	1.3754756092711256	0.1384528936330977	True	Both	Gastrointestinal inflammation	Gastrointestinal
CV_438	51	1361	0.657514258727196	0.1820948247098468	0.294	0.1304249130158754	-0.446	0.707	1.13931238915045	0.056642820025506246	True	Both	Aneurysm or ectasia	Cardiovascular
ID_092.8	115	1285	0.43371776972176546	0.3627927841366564	0.196	0.1535797327144296	-0.231	0.538	1.1660007518208688	0.06669883045005312	True	Both	Bacteremia	Infections
EM_204.3	85	1304	0.25228330268188126	0.5981114922215753	0.235	-0.2686537393251157	-0.729	0.191	0.7644078942219295	-0.11667483653157237	True	Both	Hypoglycemia	Endocrine/Metab
GI_526.12	52	1374	0.8772609036913013	0.056871225126194754	0.288	-0.04454762629586214	-0.61	0.521	0.9564300477884582	-0.01934678828218113	True	Both	Intestinal infection due to C. difficile	Gastrointestinal
GI_537	55	1356	0.7309764157307115	0.13609663492072033	0.278	0.09560190095599574	-0.449	0.641	1.1003209400770664	0.04151937804465016	True	Both	Abnormality of the peritoneum	Gastrointestinal
SO_396.2	68	1353	0.010641331869073749	1.9730040123426529	0.266	0.6789198159893585	0.158	1.2	1.97174673220841	0.2948511297389495	True	Both	Sensorineural hearing loss	Sense organs
BI_160.1	245	1117	0.038082679947587975	1.4192724971180286	0.145	0.30074205892067063	0.017	0.585	1.350860854088606	0.13061061666546991	True	Both	Iron deficiency anemia	Blood/Immune
BI_174	55	1339	0.8454960935903769	0.0728883946139184	0.279	0.05439386280686263	-0.493	0.601	1.055900400161395	0.023622954466422992	True	Both	Diseases of spleen	Blood/Immune
CA_142	116	1277	0.008618275530284913	2.0645796254287254	0.209	0.549695517209458	0.14	0.96	1.7327253524883897	0.23872972985102153	True	Both	Lump or mass in breast or nonspecific abnormal breast exam	Neoplasms
RE_483	92	1277	0.6820147890932675	0.1662062078186525	0.222	-0.09097635101466069	-0.526	0.344	0.9130393030970412	-0.03951052722936044	True	Both	Pleural effusion	Respiratory
DE_672	52	1352	0.5159715957547313	0.2873742056334859	0.297	0.19262248197529677	-0.389	0.774	1.2124249948217807	0.08365488101237994	True	Both	Skin changes due to solar radiation	Dermatological
CV_433	58	1342	0.6098775965763339	0.21475731985098606	0.278	0.14182168421516642	-0.403	0.687	1.1523711442502138	0.061592374868872264	True	Both	Other cerebrovascular disease	Cardiovascular
DE_685	73	1284	0.0001229043475175052	3.9104327544653117	0.25	0.960426518636997	0.47	1.451	2.612810648234482	0.41710793731759843	True	Both	Disorders of sweat glands	Dermatological
ID_089.2	782	487	0.000024315603593524504	4.614114945339751	0.12	0.5064733823817988	0.271	0.742	1.6594286931554143	0.21995859519929087	True	Both	Viral infections	Infections
MS_714.3	53	1363	0.0187109400674377	1.7279043923051922	0.284	0.6683971552479894	0.111	1.226	1.9511074905882817	0.2902811962440329	True	Both	Scoliosis	Muscloskeletal
MB_283	301	916	0.0021230382623833575	2.6730421787062504	0.134	0.4122715246316694	0.149	0.675	1.5102444492297327	0.1790472481933746	True	Both	Other mental and behavioral problems	Mental
GU_596	75	1316	0.1208259559863089	0.9178397599967686	0.24	0.37265335778941366	-0.098	0.843	1.4515810733390022	0.16184129695066057	True	Both	Other disorders of bladder	Genitourinary
MS_708.1	61	1361	0.2779136785679034	0.5560900772587357	0.279	0.3024348712363757	-0.244	0.849	1.3531495445944066	0.13134579571307844	True	Both	Osteoarthritis of more than one site	Muscloskeletal
SS_809.33	140	1187	0.000017609842895743996	4.754244518525387	0.183	0.7866617813265847	0.428	1.146	2.196053270509851	0.3416428707543183	True	Both	Pain in hand and fingers*	Symptoms
EM_256.2	155	1185	0.11985756137177284	0.921334562727941	0.179	-0.2785570517417086	-0.63	0.072	0.7568750854762235	-0.12097579046666264	True	Both	Hyposmolality and/or hyponatremia	Endocrine/Metab
GU_627.2	51	677	0.0010380366854276732	2.9837872977426008	0.32	1.0480538672392838	0.422	1.674	2.8520951576754365	0.4551640112793842	True	Female	Symptomatic menopause	Genitourinary
CV_440.3	119	1294	0.17468392189183812	0.7577470661389298	0.2	-0.27199663577886896	-0.665	0.121	0.7618568241403528	-0.11812663801501137	True	Both	Pulmonary embolism	Cardiovascular
GI_546	108	1233	0.5605157868672763	0.2514121510390484	0.204	0.11883590872818581	-0.281	0.519	1.126185105979386	0.051609779412609615	True	Both	Other disorders of liver	Gastrointestinal
NS_331	589	677	2.05483746364053e-7	6.687222524851519	0.12	0.6241954186683594	0.389	0.86	1.8667434061553694	0.2710846259569585	True	Both	Headache	Neurological
GU_581.3	62	1335	0.8751413983759674	0.0579217714654415	0.265	-0.04161769247357018	-0.561	0.477	0.9592364337891399	-0.018074334190818005	True	Both	Obstructive and reflux uropathy	Genitourinary
EM_247.4	114	1251	0.39531481497253895	0.40305690956226836	0.204	-0.1731842605494974	-0.573	0.226	0.8409826406437632	-0.07521296870914176	True	Both	Disorders of magnesium metabolism	Endocrine/Metab
NS_354	250	997	0.0032335303223382642	2.4903230621136663	0.149	0.4373685012140703	0.146	0.728	1.5486266427207978	0.18994672663556644	True	Both	Dizziness and giddiness	Neurological
CV_417.1	153	1186	0.0013350878656651919	2.874490151289801	0.174	0.5587274655521723	0.217	0.9	1.7484461261019764	0.24265225517709765	True	Both	Palpitations	Cardiovascular
SS_810	56	1348	0.9228075040699141	0.03488888254831646	0.279	-0.027004051726976598	-0.573	0.519	0.9733572977383261	-0.011727710654055904	True	Both	Shock	Symptoms
NS_324	147	1181	0.004995876277831293	2.3013883254060854	0.178	0.5005961845419927	0.151	0.85	1.6497045059014652	0.21740616060840937	True	Both	Extrapyramidal and movement disorders	Neurological
MS_745.4	97	1295	0.15827482331214493	0.8005881626247083	0.212	0.29950156969090375	-0.117	0.716	1.3491861646800356	0.13007187903812173	True	Both	Fracture of foot and toe	Muscloskeletal
GI_522.9	173	1149	0.1212619130440395	0.9162755845596013	0.166	0.256545558801018	-0.068	0.581	1.2924576472791613	0.11141632054406836	True	Both	Gastritis	Gastrointestinal
MS_707	126	1237	0.0033739430297513914	2.4718622549044187	0.197	0.578505266432278	0.192	0.965	1.7833707733695863	0.2512416449635088	True	Both	Other arthropathies	Muscloskeletal
CV_418	146	1181	0.04865573788136022	1.3128659368288786	0.18	0.3547258435406188	0.002	0.707	1.4257897112350937	0.154055476438167	True	Both	Abnormal results of cardiovascular function studies	Cardiovascular
NS_333.11	229	1163	0.01103957738800064	1.9570475517492405	0.157	0.39826371296236585	0.091	0.705	1.489236709151933	0.1729637328818561	True	Both	Obstructive sleep apnea	Neurological
CV_424	169	1245	0.33659619358283677	0.47289079957622854	0.174	-0.16766283978573052	-0.51	0.174	0.8456389024187432	-0.07281504613917178	True	Both	Heart failure	Cardiovascular
GU_605.1	58	596	0.02363135493952806	1.6265113767218249	0.287	0.6498824242814855	0.087	1.213	1.9153156211643276	0.282240350751357	True	Male	Male erectile dysfunction*	Genitourinary
RE_479	256	1087	0.9091146505308401	0.041381343452332124	0.144	0.016405498139215872	-0.265	0.298	1.016540807248904	0.007124817314735493	True	Both	Pulmonary insufficiency and acute respiratory distress syndrome	Respiratory
NS_325	138	1213	0.0022876081206619383	2.640618370443074	0.186	0.567779016575059	0.203	0.933	1.7643441176196972	0.2465832938390031	True	Both	Abnormality of gait and mobility	Neurological
CV_424.2	57	1364	0.15050627143713627	0.8224454031013985	0.293	-0.4219056846483298	-0.997	0.153	0.6557958880965645	-0.1832313107263831	True	Both	Systolic heart failure	Cardiovascular
MS_718.3	118	1201	0.0012307196569675	2.909840862826403	0.196	0.6323176611281237	0.249	1.016	1.8819672910582512	0.27461207103791446	True	Both	Mid back pain	Muscloskeletal
MS_701	90	1334	0.934195912688212	0.02956203717758585	0.222	0.01835475338188023	-0.417	0.454	1.018524237224436	0.007971368110445678	True	Both	Osteomyelitis, periostitis, and other infections involving bone	Muscloskeletal
MB_282.1	923	414	0.0008404267796079068	3.0755001175575596	0.124	0.41263946357323805	0.17	0.655	1.5108002292141718	0.17920704204537516	True	Both	Current tobacco use and nicotine dependence	Mental
GU_594.4	135	1207	0.00016689042031296992	3.77756859156892	0.189	0.7105052994525592	0.341	1.08	2.035019293026986	0.308568530915264	True	Both	Frequency of urination and polyuria	Genitourinary
MB_286.2	861	466	3.589278194513047e-13	12.444992879460115	0.125	0.9090912545110725	0.664	1.154	2.482065941978487	0.3948133153806635	True	Both	Major depressive disorder	Mental
CV_446	163	1154	0.23570949613753822	0.6276229205004706	0.176	-0.20900252772129466	-0.554	0.136	0.8113931846649881	-0.09076864449318967	True	Both	Hypotension	Cardiovascular
CA_103	56	1351	0.9607806410254676	0.017375756209351435	0.29	0.014262171052285996	-0.554	0.583	1.0143643610529893	0.00619398218796807	True	Both	Malignant neoplasm of the skin	Neoplasms
GI_502.11	182	1161	0.00003839766658966354	4.415695166726846	0.161	0.6625159254943729	0.347	0.978	1.9396662564038365	0.28772701061523204	True	Both	Dental caries	Gastrointestinal
SO_390.4	51	1338	0.10741683098617837	0.9689276643373317	0.289	0.46595601495680017	-0.101	1.033	1.5935369060173152	0.20236212610536738	True	Both	Impacted cerumen	Sense organs
NS_330.3	192	1172	0.003309804300834626	2.48019768404308	0.157	0.4621293338292707	0.154	0.77	1.5874506010143423	0.200700219607678	True	Both	Convulsions	Neurological
RE_479.3	182	1184	0.9080489664163386	0.04189073157690471	0.164	0.018889219278650927	-0.302	0.339	1.0190687491928438	0.008203483700178664	True	Both	Respiratory failure	Respiratory
EM_247.42	97	1277	0.4994579396061165	0.3015010787414679	0.218	-0.14731901247087845	-0.575	0.28	0.8630186197950822	-0.06397983419553882	True	Both	Hypomagnesemia*	Endocrine/Metab
GI_528	603	644	0.03637607046436258	1.4391842175269915	0.118	0.24720215353156438	0.016	0.479	1.2804379316666479	0.10735853119335889	True	Both	Nausea and vomiting	Gastrointestinal
DE_668.3	126	1210	0.00034702266745459815	3.459642156249679	0.192	0.6885404939534033	0.311	1.066	1.9908078157988742	0.2990293370909024	True	Both	Contact dermatitis	Dermatological
SS_809	1033	293	1.0995201335500768e-7	6.958796813770546	0.149	0.792354114917577	0.5	1.085	2.208589584900127	0.3441150198220388	True	Both	Pain	Symptoms
MB_288.4	74	1317	0.00001462620481265673	4.834868349386825	0.253	1.0950403049946804	0.6	1.59	2.9893031648135016	0.47556996192084355	True	Both	Phobic disorders	Mental
MB_290	594	743	6.628942398294612e-19	18.1785557547359	0.115	1.0230679240384335	0.797	1.249	2.7817157790740383	0.4443127540221069	True	Both	Reaction to severe stress, and adjustment disorders	Mental
GU_626	231	459	0.000029226852331285473	4.534217954699465	0.165	0.6908137312010455	0.367	1.015	1.9953385420353809	0.3000165914836103	True	Female	Disorders of menstruation and other abnormal bleeding from female genital tract	Genitourinary
MS_713.37	389	926	4.987283694025143e-6	5.302135926899867	0.128	0.5843086712608672	0.333	0.835	1.7937504856311028	0.25376203165681577	True	Both	Pain in knee	Muscloskeletal
MB_288.3	372	948	9.97093046247778e-19	18.001264312514365	0.127	1.1200887924455285	0.872	1.369	3.0651263512750644	0.48644838180076977	True	Both	Generalized anxiety disorder	Mental
CV_404.11	58	1348	0.1172136175124481	0.9310219304086746	0.294	-0.46072101527092296	-1.037	0.116	0.630828644409313	-0.20008859462902562	True	Both	Acute myocardial infarction	Cardiovascular
SS_808	197	1129	0.07412909997358759	1.130011272762075	0.157	0.2796032934278823	-0.027	0.586	1.3226050221458592	0.12143016745770502	True	Both	Syncope and collapse	Symptoms
NS_331.64	72	1345	0.7653222376696649	0.11615566736189141	0.247	0.0736421273810303	-0.41	0.557	1.076421514771225	0.03198236955719782	True	Both	Chronic migraine without aura	Neurological
CA_142.1	74	1319	0.04883300974225697	1.3112865078647111	0.247	0.4862002730911965	0.002	0.97	1.6261256328092857	0.21115409570336074	True	Both	Lump or mass in breast	Neoplasms
GI_511	537	772	0.00009800494400173146	4.008752015139021	0.121	0.47225164083199067	0.235	0.71	1.6036008644140392	0.20509628168308996	True	Both	Gastro-esophageal reflux disease [GERD]	Gastrointestinal
MB_280.41	194	1161	0.000024855234870217843	4.604582128628075	0.158	0.6647587283766666	0.356	0.974	1.9440214275439778	0.28870104753100895	True	Both	Sedative, hypnotic or anxiolytic-related abuse or dependance	Mental
MS_727	153	1200	0.022907241332543234	1.6400272087674626	0.179	0.4070940601445252	0.056	0.758	1.5024454192491339	0.1767987039363578	True	Both	Other disorders of bone	Muscloskeletal
RE_474	252	1108	0.3234176264144367	0.49023631452881444	0.162	-0.1596838059837975	-0.477	0.157	0.852413274335812	-0.06934979578807271	True	Both	Chronic obstructive pulmonary disease [COPD]	Respiratory
RE_499	500	729	3.4509279847780246e-7	6.462064103629363	0.122	0.6234362561787126	0.384	0.863	1.8653267823754753	0.27075492587683697	True	Both	Other symptoms and disorders of the respiratory system	Respiratory
SS_835	82	1271	0.031483284562734755	1.5019199652246977	0.232	0.4999876161471068	0.044	0.956	1.6487008533048733	0.2171418627126497	True	Both	Cytology and pathology findings	Symptoms
GI_529.1	358	901	0.004968449848568116	2.303779089581435	0.129	0.36221086271329034	0.109	0.615	1.4365018146972397	0.1573061789617983	True	Both	Diarrhea	Gastrointestinal
BI_160.11	59	1355	0.3275474431406691	0.48472578635334335	0.268	0.2626712384191982	-0.263	0.789	1.3003991273949418	0.1140766694001512	True	Both	Iron deficiency anemia secondary to blood loss	Blood/Immune
CV_414	62	1342	0.8197934875030107	0.08629553607165183	0.268	0.06101327027542492	-0.464	0.586	1.0629130192421241	0.026497726603488723	True	Both	Cardiomyopathy	Cardiovascular
GI_532	63	1321	0.6119484589793294	0.21328515452679445	0.267	-0.1353489707829002	-0.658	0.388	0.8734110635569395	-0.05878131114229799	True	Both	Other disorders of the intestines	Gastrointestinal
DE_683.1	51	1357	0.483310076846329	0.3157741498784318	0.289	0.20280170588226432	-0.364	0.77	1.2248295676669199	0.08807566178523364	True	Both	Ingrowing nail	Dermatological
GI_504	67	1309	0.00038344576638338557	3.416296052904088	0.259	0.9187875709521227	0.412	1.426	2.5062498969414495	0.3990243721057994	True	Both	Periodontal diseases	Gastrointestinal
PP_927	101	635	0.05604821741512592	1.251438195363124	0.229	0.43765504221551865	-0.011	0.887	1.5490704513315179	0.1900711698113345	True	Female	Drugs and alcohol during pregnancy	Pregnancy
EM_256.4	93	1277	0.6524889160207723	0.1854268613872319	0.221	-0.09961345300111367	-0.533	0.334	0.9051872478328545	-0.0432615729617126	True	Both	Hyperkalemia [Hyperpotassemia]	Endocrine/Metab
SO_387.2	57	1348	0.10152921959114723	0.9934089520268445	0.273	0.4472467731557526	-0.088	0.983	1.5640002049350519	0.19423680563057877	True	Both	Myopia	Sense organs
EM_230.2	134	1227	0.14476342907984324	0.8393411381031051	0.184	0.26866846982663134	-0.092	0.63	1.308221354291348	0.11668123390709628	True	Both	Abnormal weight loss and underweight	Endocrine/Metab
MS_721.5	80	1314	0.04898413272775994	1.3099445768032634	0.237	0.4661346437829033	0.002	0.93	1.593821583069196	0.2024397036188528	True	Both	Bursitis	Muscloskeletal
GU_593	156	1186	0.2916239951383569	0.5351767446632353	0.174	0.18364381906191568	-0.158	0.525	1.2015877642105721	0.07975549725422923	True	Both	Hematuria	Genitourinary
GI_552	56	1342	0.5883422312723661	0.23036997678630172	0.276	0.14914498113375946	-0.391	0.689	1.1608412770939744	0.06477284230995632	True	Both	Other diseases of biliary tract	Gastrointestinal
ID_056	94	1290	0.0003886397359521382	3.4104527976052483	0.218	0.7734044117255963	0.346	1.201	2.1671315174251693	0.33588526829205706	True	Both	Human papillomavirus	Infections
SO_387.4	70	1344	0.004656545097525649	2.3319361866504975	0.276	0.7817395084593506	0.24	1.323	2.1852702573196328	0.3395051548096564	True	Both	Presbyopia	Sense organs
MS_722.1	69	1341	0.02576171609056382	1.5890252102625966	0.253	0.5640606219874628	0.068	1.06	1.7577957722131752	0.24496841558807111	True	Both	Plantar fascial fibromatosis [Plantar fasciitis]	Muscloskeletal
GI_542.1	77	1332	0.9040431000041349	0.043810864162060655	0.241	-0.029107722184266736	-0.502	0.444	0.9713118269992093	-0.012641323125399916	True	Both	Fibrosis and cirrhosis of liver	Gastrointestinal
GU_592.1	112	1248	0.540891794530269	0.2668896068686321	0.204	0.12489800762709621	-0.275	0.525	1.1330328864608021	0.05424251551315814	True	Both	Cystitis	Genitourinary
CV_401.2	90	1295	0.2588472235654715	0.5869564889655396	0.234	-0.2640385056687323	-0.722	0.194	0.7679439688913177	-0.11467046602191093	True	Both	Hypertensive heart disease	Cardiovascular
SO_391	118	1207	0.00029160616958770946	3.535203291775349	0.196	0.7102977498865863	0.326	1.095	2.034596969484022	0.3084783932840406	True	Both	Disorders of the middle ear	Sense organs
DE_679.4	92	1246	0.24616697735371518	0.6087702069488006	0.22	0.254976214904482	-0.176	0.686	1.2904309274849992	0.11073476314959421	True	Both	Pruritus	Dermatological
MS_718.2	334	961	2.9253191329788124e-11	10.533826748340307	0.136	0.9073188092561396	0.64	1.175	2.477670512457006	0.39404355218697057	True	Both	Cervicalgia	Muscloskeletal
MS_713.32	77	1265	6.745414452709416e-6	5.170991361189264	0.25	1.1231586568327374	0.634	1.612	3.0745503312724116	0.48778160696432593	True	Both	Pain in elbow	Muscloskeletal
GI_554.11	82	1323	0.7470740523934876	0.1266363473788688	0.23	0.07426365184631055	-0.377	0.526	1.0770907450275549	0.032252294202836936	True	Both	Acute pancreatitis	Gastrointestinal
GU_614.52	115	565	0.009108680704606575	2.0405445214025377	0.206	0.5374924895371694	0.134	0.941	1.7117093473071583	0.233430022270434	True	Female	Vaginitis and vulvovaginitis	Genitourinary
EM_256	557	734	0.8673088124459016	0.06182624086070746	0.116	-0.019452293773541674	-0.248	0.209	0.9807356812711701	-0.008448023846210146	True	Both	Disorders of fluid, electrolyte and acid-base balance	Endocrine/Metab
ID_002	152	1182	0.906663053597551	0.04255408135359557	0.176	-0.02061093857473991	-0.365	0.324	0.9796000150166652	-0.008951216889856409	True	Both	Staphylococcus	Infections
ID_097	151	1197	0.7027249418246998	0.15321463177002245	0.175	0.06677341424251373	-0.276	0.41	1.0690532184960342	0.028999325343363695	True	Both	Drug resistant microorganisms	Infections
RE_478	56	1333	0.5720242694264994	0.24258554488807518	0.275	0.1554090066353339	-0.384	0.694	1.168135638638999	0.06749327401979138	True	Both	Aspiration pneumonia	Respiratory
GI_528.1	545	695	0.1042865036021928	0.9817718928233121	0.118	0.19238688965123252	-0.04	0.425	1.2121393904439177	0.08355256456606013	True	Both	Nausea	Gastrointestinal
MB_287.1	81	1332	0.030879555146896713	1.5103289647689315	0.231	0.49769872570169366	0.046	0.95	1.6449314731691427	0.21614781022252572	True	Both	Schizophrenia	Mental
RE_498.1	144	1210	0.19547613600826508	0.7089062542912679	0.185	-0.2400518585364828	-0.603	0.123	0.7865870687546458	-0.10425319753301453	True	Both	Hypoxemia	Respiratory
GI_550	145	1244	0.22236527089954938	0.6529330400865343	0.178	0.21741198492054273	-0.132	0.567	1.2428560346209607	0.09442082535062468	True	Both	Disorders of the gallbladder	Gastrointestinal
CA_136.4	112	1286	0.7372383407218114	0.13239208700297977	0.217	0.07267304827333644	-0.352	0.497	1.0753788824483845	0.031561503848198655	True	Both	Benign neoplasm of colon, rectum, anus and anal canal	Neoplasms
MS_745.6	117	1269	0.71392039742787	0.14635020963151676	0.202	-0.07394721848254805	-0.469	0.321	0.9287207118361135	-0.03211486893906478	True	Both	Fracture of bones in thorax	Muscloskeletal
CV_448	81	1324	0.3643719116480735	0.4384551088845854	0.248	-0.22495921699057442	-0.711	0.261	0.7985487853179298	-0.0976985465922827	True	Both	Peripheral vascular disease	Cardiovascular
ID_015.2	52	1374	0.877260903691295	0.05687122512619789	0.288	-0.044547626295864465	-0.61	0.521	0.956430047788456	-0.01934678828218214	True	Both	Clostridium difficile	Infections
EM_215	56	617	0.000014203542767769014	4.84760331670209	0.305	1.322318883373685	0.725	1.919	3.752112007237684	0.574275794365661	True	Male	Testicular dysfunction	Endocrine/Metab
NS_329.1	52	1327	4.9244306174193374e-6	5.307643977147702	0.322	1.4726639437801972	0.841	2.105	4.36083670506155	0.6395698244816204	True	Both	Memory loss	Neurological
NS_350	70	1299	0.9104677515094646	0.040735432174957696	0.254	-0.02858522120453033	-0.527	0.47	0.9718194709911383	-0.012414403833111336	True	Both	Other symptoms involving nervous  system	Neurological
DE_682.4	65	1331	0.00011293632528337557	3.9471663474218426	0.266	1.0271700214683923	0.506	1.549	2.793150084505772	0.4460942723001675	True	Both	Acne	Dermatological
EM_200.1	187	1200	0.0006907327473828503	3.1606899537657753	0.167	0.565300638821187	0.239	0.892	1.7599768205498225	0.24550694805642473	True	Both	Hypothyroidism	Endocrine/Metab
EM_256.3	189	1129	0.007700204680209091	2.113497730632202	0.167	-0.4456800556382922	-0.773	-0.118	0.6403886280194819	-0.19355638885804455	True	Both	Mixed disorder of acid-base balance	Endocrine/Metab
GU_626.111	51	657	0.07351424533620388	1.1336284966783678	0.293	0.5251531210198571	-0.05	1.1	1.6907177129802817	0.22807110261319455	True	Female	Amenorrhea	Genitourinary
NS_351.3	99	1208	0.005539883222795925	2.2564993898256978	0.211	0.5861689900606041	0.172	1.0	1.7970905392005159	0.2545699578461224	True	Both	Paresthesia of skin*	Neurological
CV_431	124	1271	0.02760065589558064	1.5590805973388848	0.193	0.42552725596421076	0.047	0.804	1.530397117984508	0.18480413916468932	True	Both	Stroke and transient cerebral ischemic attacks	Cardiovascular
NS_351	283	1009	0.0003271236923632183	3.4852880003874427	0.139	0.49987144836327485	0.227	0.773	1.6485093385046832	0.21709141168515653	True	Both	Disturbances of skin sensation	Neurological
GI_529.2	80	1276	0.08313185995802452	1.0802325026633866	0.233	0.40298375729259084	-0.053	0.859	1.4962825877859278	0.1750136220888115	True	Both	Flatulence, eructation, and gas pain	Gastrointestinal
GI_520	203	1128	0.009178106473533773	2.037246908441319	0.157	0.41017394098256854	0.102	0.719	1.5070799052750063	0.1781362791892396	True	Both	Hernia	Gastrointestinal
CA_136	127	1268	0.5185173351799517	0.2852367196083134	0.203	0.13118158179077305	-0.267	0.529	1.1401747974977605	0.05697143709907281	True	Both	Benign neoplasm of the digestive organs	Neoplasms
BI_164.3	70	1284	0.2777668512142991	0.556319584349696	0.257	-0.2789322598248312	-0.783	0.225	0.7565911530964318	-0.12113874126672827	True	Both	Acute posthemorrhagic anemia	Blood/Immune
RE_487	67	1306	0.9182119634777857	0.03705705306581694	0.255	0.026134342809935165	-0.473	0.525	1.0264788392625221	0.011350000870522741	True	Both	Hemorrhage from respiratory passages	Respiratory
NS_334	53	1341	0.5800095273942538	0.23656487253918734	0.292	-0.1613608133083438	-0.733	0.41	0.8509849690052026	-0.07007811081523448	True	Both	Disorders of facial and cranial nerves	Neurological
MS_717	110	1257	0.005640285471084959	2.2486989145664036	0.205	0.5682820529366676	0.166	0.971	1.7652318701324268	0.24680175975504637	True	Both	Other and unspecified dorsopathies	Muscloskeletal
NS_336.4	143	1223	4.106680391016274e-6	5.386509095495312	0.184	0.8467958617561737	0.486	1.207	2.3321622971481366	0.36775877005921515	True	Both	Mononeuritis of upper limb	Neurological
GU_626.13	71	638	0.000048895471242965235	4.310731363888069	0.262	1.0628903223508612	0.55	1.576	2.8947255997937096	0.4616074018653476	True	Female	Irregular menstrual cycle	Genitourinary
RE_460.2	170	1126	0.013276632477961875	1.8769120666622012	0.173	0.42728163857232604	0.089	0.765	1.5330843766224687	0.18556605785054084	True	Both	Acute lower respiratory infection	Respiratory
SS_809.3	697	583	6.750048979257632e-11	10.17069307585873	0.121	0.7916274292727692	0.554	1.029	2.2069852175594673	0.3437994242564204	True	Both	Pain in limb	Symptoms
CV_410.2	52	1368	0.26708125596405097	0.5733565901404635	0.283	0.3141825382261626	-0.241	0.869	1.3691396340589275	0.13644774266197987	True	Both	Endocarditis	Cardiovascular
GU_582	308	1049	0.1506434451839146	0.8220497606543367	0.139	-0.19990044055128894	-0.473	0.073	0.8188122695181996	-0.08681565826145385	True	Both	Renal failure	Genitourinary
DE_685.82	52	1314	0.0010605006658514983	2.9744890544689273	0.295	0.9643064055054785	0.387	1.542	2.622967749418473	0.4187929507749889	True	Both	Generalized hyperhidrosis	Dermatological
MS_714	117	1259	0.0017271902841796162	2.762659813667716	0.199	0.6237732253228848	0.234	1.014	1.8659554458590832	0.2709012697167226	True	Both	Deforming dorsopathies	Muscloskeletal
MS_741.5	54	1308	0.01771597637413272	1.7516349075581206	0.281	0.6656360165648996	0.116	1.216	1.9457276428918893	0.2890820489501974	True	Both	Sprains and strains of knee and leg	Muscloskeletal
EM_232.2	110	1292	0.12339815342451366	0.9086913391969789	0.203	0.3126927503116338	-0.085	0.71	1.3671014250053901	0.1358007359914939	True	Both	Vitamin B group deficiency	Endocrine/Metab
RE_462	211	1097	6.616511458673526e-7	6.179370931041015	0.157	0.7789134642151746	0.472	1.086	2.1791033050313517	0.33827781938879636	True	Both	Sinusitis	Respiratory
GI_514	111	1273	0.5062792277998545	0.2956098909757203	0.201	0.1333656874151041	-0.26	0.527	1.142667781164493	0.05791998211961364	True	Both	Gastrointestinal obstruction	Gastrointestinal
MS_724	526	717	5.2411624536165815e-6	5.2805723788175705	0.124	0.5640487501449886	0.321	0.807	1.7577749040625374	0.24496325971239455	True	Both	Other symptoms and disorders of the soft tissue	Muscloskeletal
GU_602	78	583	0.20344280458168074	0.6915576657798878	0.287	0.3648841824781467	-0.197	0.927	1.4403471810475355	0.1584671869840383	True	Male	Disorders of prostate	Genitourinary
CV_406	59	1338	0.1388716717581773	0.8573863363634346	0.286	-0.4230071121351014	-0.983	0.137	0.6550739741206333	-0.1837096546061046	True	Both	Pulmonary heart disease	Cardiovascular
EM_202	283	1093	0.773590986359656	0.11148859915911484	0.142	-0.04094641512347539	-0.32	0.238	0.9598805636512339	-0.01778280214184524	True	Both	Diabetes mellitus	Endocrine/Metab
RE_469.1	139	1168	0.008005751854345875	2.09659787537986	0.185	0.48954179845737084	0.128	0.851	1.631568461470465	0.21260530173103	True	Both	Acute bronchitis	Respiratory
EM_236	557	806	0.000023666005974487456	4.625875030182539	0.119	0.5031819017350948	0.27	0.736	1.6539756948695472	0.21852912331713598	True	Both	Overweight and obesity	Endocrine/Metab
MS_728	67	1303	0.3089248478180866	0.5101471585930705	0.254	0.25884275297787	-0.24	0.757	1.2954300862879549	0.11241397929893546	True	Both	Chondropathies	Muscloskeletal
BI_169.1	95	1296	0.8041303667924006	0.09467353708630918	0.216	0.05355968260465952	-0.37	0.477	1.0550199562275866	0.02326067460769325	True	Both	Thrombocytopenia	Blood/Immune
CV_417.2	279	992	0.00005056003295690699	4.296192651636309	0.137	0.5541277042794337	0.286	0.822	1.7404221596362182	0.240654604238275	True	Both	Tachycardia	Cardiovascular
MS_713.2	117	1216	0.00007845203344499696	4.105395795193726	0.198	0.783211755128137	0.394	1.172	2.188489883636882	0.34014454341391076	True	Both	Effusion of joint	Muscloskeletal
GI_514.2	81	1320	0.8209226884496763	0.08569774124922662	0.233	0.052766829470291404	-0.404	0.51	1.054183811862112	0.0229163428664774	True	Both	Intestinal obstruction	Gastrointestinal
GI_523.2	61	1308	0.6636183852217721	0.17808159056546105	0.289	-0.12584564974059434	-0.693	0.441	0.8817509347660505	-0.054654071253869514	True	Both	Diverticula of colon	Gastrointestinal
RE_486	115	1219	0.03497690055975907	1.4562186776884494	0.2	0.42229168090234986	0.03	0.815	1.525453405424304	0.18339894676953936	True	Both	Other respiratory disorders	Respiratory
EM_239.21	55	1357	0.8285344878499261	0.08168940930718738	0.281	0.06082088912068443	-0.49	0.611	1.0627085544763082	0.026414176529562787	True	Both	Pure hyperglyceridemia	Endocrine/Metab
NS_345.1	50	1338	0.19175807235318876	0.7172463446949959	0.309	-0.4028477924241212	-1.008	0.202	0.6684138292299636	-0.17495457329670247	True	Both	Toxic encephalopathy	Neurological
GU_592.11	79	1303	0.49243263690945727	0.30765317109415774	0.238	0.16325002259041813	-0.303	0.629	1.1773310122427507	0.07089858398159983	True	Both	Acute cystitis	Genitourinary
GU_627	75	654	0.0013871018524623372	2.857891648271841	0.273	0.8714949585475643	0.337	1.406	2.390481854891466	0.3784854515037104	True	Female	Menopausal and postmenopausal disorders	Genitourinary
MB_280.1	443	885	6.952753169945983e-10	9.157843188251837	0.121	0.7446764785354447	0.508	0.981	2.10576006618734	0.323408885431089	True	Both	Alcohol use disorders	Mental
DE_679	347	900	4.54097185991928e-13	12.342851189382813	0.132	0.953702266849446	0.695	1.212	2.595300389235713	0.414187631871337	True	Both	Skin symptoms	Dermatological
BI_171	200	1097	0.7936491138424641	0.1003714643282108	0.157	-0.04102354770448665	-0.348	0.266	0.9598065284411971	-0.017816300396153364	True	Both	Elevated white blood cell count [Leukocytosis]	Blood/Immune
EM_200	262	1105	0.00007158889340612688	4.145154350689125	0.148	0.5891580982511919	0.298	0.88	1.8024702735489142	0.2558681110391065	True	Both	Disorders of thyroid gland	Endocrine/Metab
MB_286.11	228	1142	4.1517350999829014e-15	14.381770364284309	0.152	1.1919472169954135	0.894	1.49	3.293488103559606	0.517656099061046	True	Both	Bipolar I disorder	Mental
ID_059	100	1247	0.8919009728183078	0.04968336237947808	0.212	0.028798017388305272	-0.387	0.444	1.0292166896042871	0.012506820041494861	True	Both	Coronavirus	Infections
BI_160	267	1084	0.034248072211904686	1.4653638694648392	0.141	0.2989636131161292	0.022	0.576	1.3484605563025487	0.12983824746619352	True	Both	Deficiency anemias	Blood/Immune
BI_169	96	1295	0.7117218033165741	0.14768972952921708	0.214	0.07925806309951505	-0.341	0.5	1.082483635110621	0.03442133945045911	True	Both	Platelet defects	Blood/Immune
NS_325.2	52	1346	0.08604186410659753	1.0652901891441846	0.286	0.4903430458051968	-0.069	1.05	1.6328762752442059	0.21295327903283043	True	Both	Difficulty walking	Neurological
MB_283.4	192	1121	0.08703387232625999	1.060311693341808	0.157	0.26864667316076524	-0.039	0.576	1.3081928397383717	0.11667176773538673	True	Both	Patient's noncompliance with medical treatment and regimen	Mental
GU_594.1	121	1227	0.11041964907922838	0.9569536374095816	0.193	0.3084707056248977	-0.07	0.687	1.361341629311132	0.13396712528169546	True	Both	Retention of urine	Genitourinary
MS_742	54	1359	0.011147236019877512	1.952832803478735	0.285	0.7220826768029248	0.164	1.28	2.058716389725506	0.3135965220134394	True	Both	Cartilage tear of knee	Muscloskeletal
MS_713.31	309	986	7.072107223800512e-6	5.150451163386403	0.141	0.6332100279554942	0.357	0.91	1.8836474457846644	0.274999621026875	True	Both	Pain in shoulder	Muscloskeletal
SS_819	238	983	0.0001784381313272561	3.7485123335054635	0.152	0.5680018189307146	0.271	0.865	1.764737261440348	0.24668005567261928	True	Both	General symptoms and other findings	Symptoms
GI_557.2	91	1248	0.9793452102556388	0.009064196365620074	0.222	-0.005756830307211992	-0.442	0.43	0.9942597084881487	-0.0025001596356755648	True	Both	Blood in stool	Gastrointestinal
CV_431.1	67	1344	0.05238418289085606	1.2807998259969453	0.254	0.49322571755358086	-0.005	0.992	1.6375901125099632	0.214205207466292	True	Both	Stroke	Cardiovascular
MS_705.1	53	1373	0.9966313325747231	0.001465463391729634	0.289	-0.0012192491638319959	-0.567	0.565	0.998781493818439	-0.0005295131839173722	True	Both	Rheumatoid arthritis	Muscloskeletal
GI_516.4	83	1340	0.7455158053527668	0.12754314482704504	0.23	0.07463573554631966	-0.376	0.525	1.077491587506062	0.03241388810055706	True	Both	Gastroparesis	Gastrointestinal
RE_468.2	55	1332	0.5267695601766433	0.2783793290581402	0.278	0.17615993643981176	-0.369	0.722	1.1926287882003621	0.07650528832823782	True	Both	Bacterial pneumonia	Respiratory
RE_471	127	1221	0.07055684796040344	1.1514608290097446	0.189	0.34145254993845947	-0.029	0.712	1.4069898299680894	0.14829095827006747	True	Both	Other disorders of nose and nasal sinuses	Respiratory
GI_540	441	922	0.031621090839214376	1.5000231522001441	0.118	0.2542939159108193	0.022	0.486	1.2895507680618745	0.11043844446163838	True	Both	Hepatitis	Gastrointestinal
SS_832	55	1303	0.07064041123936875	1.1509467811395941	0.277	0.5003910438127839	-0.042	1.043	1.6493661190257973	0.21731706912170035	True	Both	Other abnormal findings in urine	Symptoms
CV_440.1	200	1155	0.03120875313209667	1.5057235821410508	0.155	0.3335638634927544	0.03	0.637	1.3959341929281055	0.14486494527723276	True	Both	Venous thromboembolism	Cardiovascular
MS_713.3	754	530	5.4852974049453815e-12	11.260799820627987	0.126	0.8666726529859036	0.62	1.113	2.3789819712095466	0.37639115080822977	True	Both	Pain in joint	Muscloskeletal
MS_708	373	957	3.480871104633427e-7	6.458312058181631	0.145	0.7395549058435164	0.455	1.024	2.095002833425341	0.3211846146723181	True	Both	Osteoarthritis	Muscloskeletal
MS_721.1	91	1276	0.007455597919742991	2.1275175215158613	0.225	0.601844117970844	0.161	1.043	1.8254821026252164	0.26137757940066725	True	Both	Synovitis and tenosynovitis	Muscloskeletal
SO_392	88	1273	0.025913750016307538	1.586469735082706	0.223	0.49586201670389873	0.06	0.932	1.641912985621808	0.2153501376399213	True	Both	Otalgia and effusion of ear	Sense organs
GU_614.5	172	486	0.0017081253019481653	2.7674802741922955	0.18	0.5634039096204451	0.211	0.915	1.756641784951198	0.2446832090308777	True	Female	Inflammatory disease of cervix, vagina, and vulva	Genitourinary
NS_333	579	714	1.4522610758064017e-11	10.837955302651176	0.122	0.8232491549569779	0.584	1.062	2.2778890411674957	0.35753256522933063	True	Both	Sleep disorders	Neurological
MB_280.5	535	792	0.000013745965044612256	4.861824764817422	0.118	0.5122612137520186	0.281	0.743	1.669061034897691	0.22247221842556386	True	Both	Stimulant use disorders	Mental
MS_722	88	1315	0.022684308270218646	1.644274459466395	0.226	0.5139277426448956	0.072	0.956	1.6718448923814835	0.22319598272767266	True	Both	Fasciopathy	Muscloskeletal
NS_329.8	198	1113	0.1557945297527142	0.8074477953150465	0.156	0.22077733937207605	-0.084	0.526	1.2470457316632444	0.09588238021857418	True	Both	Altered mental status, unspecified	Neurological
MS_718.5	234	1132	0.0008900417529228131	3.0505896196037923	0.147	0.48856738100842523	0.2	0.777	1.6299794070193836	0.21218211760988268	True	Both	Sciatica	Muscloskeletal
NS_355	151	1157	0.0005409643810801416	3.2668313293658953	0.174	0.6029376007045265	0.261	0.945	1.827479327551562	0.26185247291796204	True	Both	Coma and other alteration of consciousness	Neurological
SS_812	324	953	0.0016270693231715489	2.788593943049928	0.135	0.42685741418738593	0.161	0.692	1.5324341427780128	0.18538181954107258	True	Both	Edema	Symptoms
RE_469	253	1020	0.004964448373779437	2.3041290012538003	0.147	0.41208106778121956	0.125	0.7	1.5099568402179457	0.17896453383418354	True	Both	Bronchitis	Respiratory
MB_280.8	935	390	1.579592199331451e-6	5.801455019652935	0.132	0.6327568782361912	0.374	0.891	1.8827940648426116	0.27480282060430566	True	Both	Psychoactive substance abuse	Mental
SS_840.64	68	1336	0.610772096024534	0.21412081251180193	0.256	-0.13054740606426807	-0.633	0.372	0.877614887694807	-0.05669601808049472	True	Both	Allergy to analgesic agent	Symptoms
SS_800.1	106	1200	0.03897500373987965	1.409213834466022	0.204	0.42174462695897685	0.021	0.822	1.5246191283415251	0.1831613642606291	True	Both	Chest pain on breathing	Symptoms
MS_713.36	242	1091	6.749697974163822e-6	5.170715659922851	0.151	0.6810740080872157	0.385	0.978	1.9759988317131478	0.29578668348000847	True	Both	Pain in hip	Muscloskeletal
SO_396	129	1247	5.501203951685973e-6	5.259542253714139	0.198	0.8988775508618977	0.511	1.287	2.456843880602431	0.39037756024603176	True	Both	Hearing impairment	Sense organs
SS_809.32	232	1089	0.01087111690778314	1.9637258338375263	0.147	0.37420013039974265	0.086	0.662	1.4538280765384197	0.16251305176008551	True	Both	Pain in leg*	Symptoms
BI_168	111	1237	0.1292002235775857	0.8887367348051163	0.201	0.3048623856751088	-0.089	0.699	1.356438324817396	0.1324000518385607	True	Both	Coagulation defects, purpura and other hemorrhagic conditions	Blood/Immune
ID_057	50	1379	0.5345674325866825	0.2719975032650918	0.302	-0.18770480465728223	-0.78	0.405	0.828859346541579	-0.08151916088938548	True	Both	Retrovirus	Infections
GI_520.2	76	1281	0.32576947145703294	0.4870896167708089	0.241	0.23642586772519697	-0.235	0.708	1.2667136477751424	0.1026784497322412	True	Both	Diaphragmatic hernia	Gastrointestinal
ID_088	106	1266	0.00025616163096555295	3.5914859202893723	0.207	0.7557254333190765	0.351	1.161	2.129155523611295	0.32820738552441886	True	Both	Sexually transmitted disease	Infections
GU_619	137	575	0.9087550049267736	0.04155318426925285	0.193	0.022082321775939287	-0.356	0.4	1.022327940858123	0.009590230494902487	True	Female	Noninflammatory disorders of ovary, fallopian tube, and broad ligament	Genitourinary
MS_715.4	171	1209	0.008001018644990155	2.0968547175411043	0.173	0.4590455557699476	0.12	0.798	1.5825627960070523	0.19936095181309968	True	Both	Spinal stenosis	Muscloskeletal
SS_809.31	183	1111	0.013539245170445063	1.868405547426979	0.162	0.39912543485502416	0.082	0.716	1.4905205701136626	0.17333797394477277	True	Both	Pain in arm*	Symptoms
GI_540.3	419	961	0.040222347639308896	1.3955325847327509	0.12	0.24515489105994684	0.011	0.479	1.2778192206509509	0.10646941639892774	True	Both	Viral hepatitits	Gastrointestinal
GI_523	77	1285	0.45964573305220724	0.3375767671375755	0.263	-0.19478304611079095	-0.711	0.322	0.8230131946016583	-0.08459320209422315	True	Both	Diverticular disease [Bowel diverticulosis]	Gastrointestinal
MS_709	90	1315	0.00045686064079844535	3.3402162554272024	0.229	0.8024066928774278	0.354	1.251	2.230903572523646	0.3484807989589042	True	Both	Acquired deformities of fingers and toes	Muscloskeletal
EM_247.3	54	1334	0.04464172739151368	1.350259008916176	0.309	-0.6209986028710494	-1.227	-0.015	0.5374075128667336	-0.26969626649652567	True	Both	Disorders of phosphorus metabolism	Endocrine/Metab
GU_626.11	53	648	0.11340703096585775	0.9453600193847582	0.288	0.4562890917445528	-0.109	1.021	1.5782065253019515	0.19816383469730586	True	Female	Oligomenorrhea	Genitourinary
ID_052.1	92	1304	6.573084668279121e-6	5.182230773511571	0.226	1.0204843011211255	0.577	1.464	2.7745381505731483	0.44319070084580126	True	Both	Herpes simplex	Infections
ID_054	419	961	0.04022234763931073	1.395532584732731	0.12	0.2451548910599442	0.011	0.479	1.2778192206509476	0.1064694163989266	True	Both	Hepatovirus	Infections
RE_488	569	676	0.00028368286283064455	3.547166898969335	0.12	0.43683674281320656	0.201	0.673	1.5478033664051776	0.1897157868963656	True	Both	Abnormalities of breathing	Respiratory
RE_460.1	443	802	4.328846501678764e-9	8.363627813737734	0.124	0.7253080966773323	0.483	0.967	2.0653673347638515	0.31499730406671567	True	Both	Acute upper respiratory infection	Respiratory
MS_712	68	1315	0.001921787785933018	2.716294571135045	0.255	0.7909553553477483	0.291	1.291	2.2055024586594474	0.3435075462593528	True	Both	Joint derangements and related disorders	Muscloskeletal
MS_718.4	578	702	2.77658774064255e-7	6.55648859819544	0.12	0.6181210456878476	0.382	0.854	1.855438480376069	0.26844655929050004	True	Both	Low back pain	Muscloskeletal
NS_336	223	1109	0.000045186338231240146	4.3449928511981355	0.154	0.628460617050757	0.327	0.93	1.8747224410989638	0.27293697807865647	True	Both	Mononeuropathies	Neurological
SO_386	130	1201	0.2811465012826111	0.5510673166828024	0.189	0.20318842980890486	-0.166	0.573	1.2253033301685363	0.08824361385259355	True	Both	Visual disturbances	Sense organs
ID_089	1008	289	0.0001767133239597628	3.7527307040073934	0.142	0.5335852394455441	0.255	0.812	1.7050343197960647	0.23173312511622515	True	Both	Infections	Infections
NS_333.64	73	1331	0.41008528986350157	0.38712580897559545	0.248	0.20427434023974989	-0.282	0.69	1.2266346225370284	0.08871521876055072	True	Both	Restless legs syndrome	Neurological
SS_840.611	103	1302	0.17478912715005213	0.7574855863789597	0.207	0.2810649824471599	-0.125	0.687	1.3245396729680488	0.1220649709330359	True	Both	Penicillin allergy	Symptoms
EM_202.2	271	1109	0.96888852117036	0.013726189332838486	0.145	0.005660961819442605	-0.279	0.29	1.0056770153423007	0.0024585244804489564	True	Both	Type 2 diabetes	Endocrine/Metab
DE_676	56	1333	0.21758722767478178	0.6623666012218475	0.276	0.3402496331591056	-0.201	0.881	1.4052983558485055	0.14776853815060523	True	Both	Hypertrophic conditions of skin	Dermatological
BI_164.6	105	1264	0.013933312332817395	1.855945627519871	0.221	-0.5439119476778106	-0.977	-0.11	0.5804730248883531	-0.23621795751772337	True	Both	Anemia secondary to chronic diseases and conditions	Blood/Immune
DE_660.12	141	1219	0.0001502653897703971	3.8231410377938633	0.186	0.7048028379917289	0.34	1.069	2.0234476985792824	0.30609198336955945	True	Both	Dermatophytosis	Dermatological
MS_716.3	133	1218	0.037886755807535734	1.4215125811912603	0.187	0.388042180896399	0.022	0.754	1.4740919614970978	0.16852457790900957	True	Both	Spinal disc displacement (herniation)	Muscloskeletal
SS_840.61	184	1185	0.12747686628959107	0.894568621146424	0.161	0.2454675362532471	-0.07	0.561	1.2782187871462116	0.10660519648117166	True	Both	Allergy to other anti-infective agents	Symptoms
GU_594	437	826	1.310659895971882e-6	5.882509989061329	0.125	0.6058642071970545	0.36	0.851	1.8328354742604411	0.2631234819683692	True	Both	Abnormality of urination	Genitourinary
MS_717.2	65	1322	0.03168235422092532	1.4991825547602766	0.26	0.5593617848998536	0.049	1.07	1.7495555511358238	0.24292773656956007	True	Both	Sacrococcygeal disorders	Muscloskeletal
CV_416.1	68	1332	0.16449018480208422	0.7838600114736982	0.25	0.34769095582266174	-0.143	0.838	1.4157946390334861	0.15100026352144932	True	Both	Paroxysmal tachycardia	Cardiovascular
GI_527	780	519	0.00003338201398598863	4.47648746524167	0.121	0.5001369543330866	0.264	0.736	1.64894708568502	0.21720671946275816	True	Both	Abdominal pain	Gastrointestinal
GI_550.1	103	1294	0.7493724857965602	0.12530225664666675	0.209	0.06678555068629885	-0.343	0.477	1.0690661930790564	0.02900459613392955	True	Both	Gallstones [Cholelithiasis]	Gastrointestinal
EM_247.88	254	1103	0.02012627008151306	1.6962367036563366	0.143	0.33287397826212234	0.052	0.614	1.3949714906606907	0.14456533192842275	True	Both	Iron deficiency	Endocrine/Metab
CV_417.3	64	1303	0.27593644471824397	0.5591909356398952	0.258	0.2810182836930281	-0.225	0.787	1.3244778200597611	0.12204468992180471	True	Both	Bradycardia	Cardiovascular
NS_333.2	372	907	2.590468087647041e-9	8.586621753480763	0.128	0.7601839723392498	0.51	1.01	2.1386696403631427	0.33014370441823043	True	Both	Insomnia	Neurological
MB_290.1	446	909	1.117885703085232e-18	17.95160259811052	0.119	1.0541536488631704	0.82	1.288	2.8695454827873834	0.457813112779453	True	Both	Posttraumatic stress disorder	Mental
SO_367.1	73	1281	0.14396398204997538	0.8417461492488196	0.244	0.3564980291422792	-0.122	0.835	1.4283187155029238	0.15482512686587652	True	Both	Conjunctivitis	Sense organs
SO_387	150	1254	0.00008425611795530414	4.074398554578134	0.184	0.7225484914140688	0.362	1.083	2.059675593288215	0.3137988227286492	True	Both	Disorders of refraction and accommodation	Sense organs
EM_230.1	149	1220	0.6062792495558678	0.21732729562384998	0.178	-0.09174750861585745	-0.441	0.257	0.9123354773134474	-0.03984543672023795	True	Both	Protein-calorie malnutrition	Endocrine/Metab
MS_713.34	75	1269	0.018272128536142882	1.738210858358653	0.239	0.5648112334129858	0.096	1.034	1.7591156891139155	0.2452944019882293	True	Both	Pain in wrist*	Muscloskeletal
GI_527.3	51	1332	0.007137515423545598	2.1464529402727495	0.292	0.7852363645259044	0.213	1.357	2.19292520920808	0.3410238201033706	True	Both	Functional dyspepsia	Gastrointestinal
CV_404	176	1186	0.2373300036622561	0.6246473540656118	0.18	-0.21252640646886084	-0.565	0.14	0.8085389653805402	-0.09229904558815381	True	Both	Ischemic heart disease	Cardiovascular
GU_614.55	54	1321	0.04483705514704294	1.3483629191677844	0.285	0.5724811533934678	0.013	1.132	1.7726598405672447	0.24862540591239216	False	Both	Candidiasis of vulva and vagina	Genitourinary
MS_705	69	1347	0.738539883825134	0.13162604624579285	0.254	0.08480794729613893	-0.413	0.583	1.0885079957189656	0.03683162353225493	True	Both	Rheumatoid arthritis and other inflammatory polyarthropathies	Muscloskeletal
ID_002.1	135	1214	0.8415860650255422	0.07490146417490805	0.184	0.03682082184605079	-0.324	0.398	1.0375071055747915	0.015991079746882558	True	Both	Staphylococcus aureus	Infections
MS_745.7	79	1337	0.8422404601672715	0.07456389945657925	0.235	0.04681576293170508	-0.414	0.508	1.0479289239407534	0.020331827507330272	True	Both	Skull and face fracture	Muscloskeletal
BI_164	541	776	0.003969451712132916	2.4012694768237073	0.118	0.34015107487622154	0.109	0.572	1.405159858880737	0.14772573483220283	True	Both	Anemia	Blood/Immune
GU_618	131	539	0.060631063309768196	1.2173048153125254	0.197	0.3692533453369668	-0.016	0.755	1.4466540603131237	0.1603646903041605	True	Female	Noninflammatory disorders of vagina	Genitourinary
GI_554	126	1280	0.421879873154662	0.3748111932395229	0.188	0.15123395958767663	-0.218	0.52	1.1632687841324223	0.06568007412530733	True	Both	Diseases of the pancreas	Gastrointestinal
GI_520.14	51	1370	0.23243435563071746	0.6336996793879561	0.289	0.3445679478269159	-0.221	0.91	1.411379998122946	0.14964395838195715	True	Both	Ventral hernia	Gastrointestinal
EM_247	399	943	0.07699587132748063	1.1135325619413572	0.125	0.22125011564890537	-0.024	0.466	1.2476354446914766	0.09608770434677587	True	Both	Disorders of mineral metabolism and mineral deficiencies	Endocrine/Metab
GU_591	354	960	0.09286768430001204	1.0321353836569325	0.142	0.23924830890490192	-0.04	0.518	1.270293922718477	0.10390422036208355	True	Both	Urinary tract infection [UTI]	Genitourinary
RE_499.1	484	746	5.919579986788118e-8	7.2277091067722425	0.123	0.6652026344746557	0.425	0.906	1.944884582075892	0.28889383349984876	True	Both	Cough	Respiratory
GU_626.16	65	650	0.0021421760263135624	2.6691448453082423	0.267	0.8193481074568667	0.296	1.342	2.269020197954536	0.35583836182638984	True	Female	Excessive menstruation	Genitourinary
GI_557.1	64	1327	0.7105701741120212	0.14839302579464506	0.262	-0.09740172524367655	-0.612	0.417	0.9071914911978864	-0.042301031801185406	True	Both	Hematemesis	Gastrointestinal
SS_840.6	305	1047	0.002396914310056996	2.620347491763012	0.133	0.4033587603632376	0.143	0.664	1.4968438035731477	0.17517648385309015	True	Both	Drug and medical agent allergy	Symptoms
RE_465.1	221	1060	0.00002115523978259312	4.674582047824207	0.151	0.6423531197875801	0.346	0.938	1.900948780680751	0.27897041535708456	True	Both	Acute Pharyngitis	Respiratory
PP_916	63	663	0.027963724350713644	1.55340498753123	0.276	0.6076447952894488	0.066	1.15	1.8361019065033883	0.2638967815514387	True	Female	Maternal infections and carrier state in pregnancy	Pregnancy
MB_280.91	365	930	0.009677383002986088	2.014242070483271	0.127	0.3278940315493183	0.079	0.576	1.388041875848694	0.14240256855087968	True	Both	Psychoactive substance withdrawal	Mental
CV_413	113	1271	0.9062776603811024	0.042738725173988856	0.202	0.02383589787721099	-0.373	0.421	1.0241222434661656	0.010351798919282207	True	Both	Heart valve disorders	Cardiovascular
ID_092.2	283	1088	0.02645593909974177	1.577476817817537	0.139	-0.3084029604634161	-0.581	-0.036	0.7346192358506605	-0.13393770393188836	True	Both	Sepsis	Infections
GU_614	189	466	0.0018966146007233994	2.7220209104312127	0.175	0.5430800963299584	0.2	0.886	1.7213004768597837	0.23585668906758736	True	Female	Inflammatory diseases of female pelvic organs	Genitourinary
ID_015	52	1371	0.865629291413552	0.06266805620696018	0.288	-0.04881067090860413	-0.614	0.517	0.9523614223534187	-0.021198205033602348	True	Both	Clostridium	Infections
GU_602.1	66	598	0.5827181421355119	0.23454146053231426	0.315	0.17285904167862862	-0.444	0.79	1.1886985363239073	0.07507172794811266	True	Male	Benign prostatic hyperplasia	Genitourinary
GI_528.2	472	776	0.4315442209986041	0.3649746948464198	0.121	0.09555249828910463	-0.143	0.334	1.1002665826309028	0.04149792273902802	True	Both	Vomiting	Gastrointestinal
MS_713.38	187	1109	1.850246480362395e-6	5.7327704132559205	0.164	0.7829589484787034	0.461	1.105	2.187936688770697	0.3400347508810733	True	Both	Pain in ankle and joints of foot	Muscloskeletal
NS_348	54	1351	0.036849146107492715	1.4335725714440262	0.285	0.5955864940308689	0.036	1.155	1.81409458866701	0.2586599278537104	True	Both	Other diseases of spinal cord	Neurological
MB_286.1	456	930	6.732895348956146e-18	17.17179813582525	0.118	1.0194548500257825	0.788	1.251	2.7716833689161393	0.44274361591570455	True	Both	Bipolar disorder	Mental
MB_282	1004	342	0.0000626890986372602	4.202807974533004	0.132	0.5285700669853459	0.27	0.787	1.6965046853038055	0.22955506339096793	True	Both	Nicotine dependence (current and history of)	Mental
ID_089.3	322	982	4.7142481407358007e-7	6.326587561541004	0.135	0.6812986953689654	0.416	0.946	1.9764428634016542	0.29588426392662615	True	Both	Fungal infections	Infections
GI_516	143	1235	0.709190138332529	0.1492373121257485	0.18	0.06726347017641275	-0.286	0.421	1.0695772427595247	0.02921215393127999	True	Both	Other diseases of stomach and duodenum	Gastrointestinal
SO_390.1	54	1338	0.02692079258694838	1.5699121580041175	0.28	0.6196857608988318	0.071	1.169	1.8583439857407746	0.2691261064723805	True	Both	Otitis externa	Sense organs
EM_239.1	188	1188	0.15472300448033882	0.8104451098551585	0.174	0.24772936407316418	-0.093	0.589	1.2811131700228362	0.1075874958223769	True	Both	Hypercholesterolemia	Endocrine/Metab
ID_089.1	457	802	0.13816833725069272	0.8595914687764008	0.121	0.17967268079681248	-0.058	0.417	1.1968255550151277	0.07803085381882002	True	Both	Bacterial infections	Infections
CA_130	147	1251	0.7286968921283079	0.1374530827249732	0.187	0.06486004713301884	-0.302	0.431	1.0670096828698354	0.028168360565854866	True	Both	Cancer (solid tumor, excluding BCC)	Neoplasms
NS_329	324	949	1.5615853055593595e-11	10.806434286347793	0.132	0.8885116773248519	0.63	1.147	2.431508088308598	0.38587571856878583	True	Both	Symptoms and signs involving cognitive functions and awareness	Neurological
MS_715.1	270	1069	1.7532030688631313e-7	6.756167777814361	0.154	0.8065804350374225	0.504	1.109	2.2402342471891656	0.3502934321478769	True	Both	Spondylosis	Muscloskeletal
SO_374	73	1348	0.6358271052454938	0.19666096209656406	0.252	0.11938482136736163	-0.375	0.614	1.126803452911807	0.05184816914285062	True	Both	Disorders of the retina	Sense organs
MB_284.1	312	1039	3.068069857721057e-6	5.513134756040731	0.132	0.6174792377982156	0.358	0.877	1.8542480273825626	0.26816782566559083	True	Both	Suicidal ideations	Mental
MS_721	193	1148	0.0005063101319061624	3.2955833817442866	0.164	0.5710674307416858	0.249	0.893	1.7701555617916362	0.24801143396578154	True	Both	Synoviopathy and bursopathy	Muscloskeletal
NS_333.3	63	1324	0.0031436090422131188	2.5025714707010636	0.264	0.7783934436381875	0.262	1.295	2.1779704210603725	0.3380519773217347	True	Both	Hypersomnia	Neurological
CV_402	71	1301	0.00005467229636601003	4.262232684327908	0.255	1.0282795586779272	0.529	1.528	2.796250908377968	0.4465761381877348	True	Both	Elevated blood pressure reading without diagnosis of hypertension	Cardiovascular
RE_495.1	91	1286	0.09206751790714296	1.0358935650462109	0.226	0.3801899137628202	-0.062	0.823	1.46256232377487	0.16511438162246594	True	Both	Solitary pulmonary nodule	Respiratory
MS_716.2	195	1162	0.0005802215089891363	3.236406175805416	0.167	0.5762023861901524	0.248	0.904	1.7792686092604502	0.2502415167818697	True	Both	Degenerative disc disease	Muscloskeletal
GI_540.11	146	1234	2.6720773749656197e-7	6.573150970210685	0.181	0.9301357235238213	0.576	1.284	2.534853193479593	0.40395281214748424	True	Both	Autoimmune hepatitis	Gastrointestinal
EM_230	266	1036	0.10451335803683043	0.9808281980607728	0.14	0.2273326481286048	-0.047	0.502	1.2552473541817257	0.09872931463870666	True	Both	Malnutrition and underweight	Endocrine/Metab
GU_594.2	212	1066	0.00041198927657776614	3.3851140878108255	0.156	0.5521702244004573	0.246	0.859	1.7370186505148935	0.2398044815283989	True	Both	Dysuria	Genitourinary
EM_247.5	77	1287	0.7927965809542505	0.10083823147422434	0.238	0.06260477928331121	-0.405	0.53	1.0646060017279393	0.02718891018351303	True	Both	Disorders of calcium metabolism	Endocrine/Metab
ID_052	132	1234	4.243566402173134e-6	5.372268997712201	0.189	0.8674711553158134	0.498	1.237	2.3808823524848344	0.3767379359638965	True	Both	Herpesvirus	Infections
MS_709.2	82	1329	0.004527616598195589	2.3441303566293854	0.237	0.6719319061885093	0.208	1.136	1.9580163730214695	0.291816319072403	True	Both	Acquired deformities of toe	Muscloskeletal
CV_444	99	1291	0.21921512097031381	0.6591294924893282	0.213	0.2618617850674943	-0.156	0.68	1.2993469408681253	0.11372512827614813	True	Both	Venous insufficiency	Cardiovascular
MB_309	133	1189	0.00009962633358740503	4.001625852137615	0.186	0.7233417299127398	0.359	1.088	2.0613100554370307	0.3141433218314552	True	Both	Signs and symptoms involving emotional state	Mental
GI_557	237	1083	0.43055250540198153	0.3659738792488731	0.147	0.11571382980684305	-0.172	0.403	1.1226745501661894	0.05025387776500396	True	Both	Gastrointestinal hemorrhage	Gastrointestinal
RE_462.1	139	1193	6.459144293208559e-7	6.189825013483745	0.188	0.9364387745587547	0.568	1.305	2.5508809613805203	0.4066901924311104	True	Both	Acute sinusitis	Respiratory
MS_741.6	104	1236	0.003618274134594692	2.4414985323817833	0.205	0.5978057715638194	0.195	1.0	1.8181250387196821	0.2596237478400827	True	Both	Sprains and strains of ankle and foot	Muscloskeletal
MB_307	96	1307	2.84409170106781e-7	6.5460564049093275	1.007	5.1696631877437484	3.196	7.143	175.85559718773314	2.2451561957354844	True	Both	Behavioral and emotional disorders with onset usually in childhood and adolescence	Mental
CV_416.21	69	1341	0.28781192646102116	0.5408912135651829	0.276	-0.29325507858071104	-0.834	0.247	0.745831870696326	-0.1273590624177073	True	Both	Atrial fibrillation	Cardiovascular
SS_809.2	792	523	0.0004697709427115822	3.328113849649287	0.123	0.4318868181428639	0.19	0.674	1.5401607870377576	0.187566061926199	True	Both	Chronic pain	Symptoms
MS_745.3	86	1336	0.12118016928937146	0.916568445127255	0.224	0.3476145225079957	-0.092	0.787	1.4156864292918057	0.15096706895465628	True	Both	Fracture of upper limb	Muscloskeletal
MS_701.1	88	1334	0.9643574142239926	0.01576197620404441	0.225	0.010041642244206643	-0.43	0.45	1.010092228715651	0.004361029815905553	True	Both	Osteomyelitis	Muscloskeletal
EM_232	293	1083	0.000031874576667749455	4.496555574466421	0.137	0.5709497811204345	0.302	0.84	1.7699473159105004	0.24796033938447412	True	Both	Vitamin deficiencies	Endocrine/Metab
NS_336.41	110	1269	0.000021845029348689245	4.660647367481525	0.208	0.8834532014347618	0.476	1.291	2.4192394198102933	0.3836788504028791	True	Both	Carpal tunnel syndrome	Neurological
MB_287.2	89	1330	0.05368295732632893	1.270163567445462	0.219	0.4233852527291785	-0.007	0.853	1.527122510768566	0.1838738789794959	True	Both	Schizoaffective disorder	Mental
RE_488.1	472	780	0.02185130839928589	1.6605225534955013	0.122	0.2807890301982679	0.041	0.521	1.32417421369352	0.12194512639407329	True	Both	Dyspnea [Shortness of breath]	Respiratory
GI_542.7	108	1277	0.8615059230279503	0.06474173234304237	0.206	0.03600365225641772	-0.368	0.44	1.036659632630806	0.015636187503325755	True	Both	Chronic nonalcoholic liver disease	Gastrointestinal
GI_545	52	1340	0.00030813878043957945	3.511253640628053	0.297	1.0713704001447006	0.489	1.653	2.919377475252889	0.4652902528573224	True	Both	Nonspecific abnormal results of function study of liver	Gastrointestinal
EM_204	339	986	0.6601747425804516	0.18034109522498493	0.133	0.05865000292846184	-0.203	0.32	1.0604040374761567	0.025471372635440536	True	Both	Abnormal glucose	Endocrine/Metab
BI_177	142	1193	0.06584289611276882	1.1814910748472367	0.181	0.33372494911080286	-0.022	0.689	1.3961590759625535	0.14493490387226524	True	Both	Abnormality of the lymph nodes	Blood/Immune
EM_236.11	259	1143	0.4411049153662159	0.3554581027191439	0.144	0.11096703314555233	-0.171	0.393	1.1173580704663966	0.048192370168288576	True	Both	Morbid obesity	Endocrine/Metab
SO_371	100	1312	0.23183380250593633	0.6348232414892261	0.245	0.29306606343606195	-0.187	0.773	1.3405313476134255	0.12727697418339007	True	Both	Cataract	Sense organs
MS_715	326	1015	1.01132387776582e-6	5.995109738769931	0.143	0.7013974282572245	0.42	0.983	2.0165687495570856	0.3046130327132446	True	Both	Other non-inflammatory spondylopathy	Muscloskeletal
CV_440	261	1096	0.08870171275727684	1.0520679942172855	0.14	0.23756790031695818	-0.036	0.511	1.2681611024081945	0.10317442818499674	True	Both	Embolism and thrombosis	Cardiovascular
NS_324.34	56	1326	0.14559096320553228	0.8368655807356828	0.276	0.401205667566292	-0.139	0.942	1.4936244270134635	0.1742414075323511	True	Both	Tremor	Neurological
EM_256.5	279	1028	0.292193043357459	0.5343301281259971	0.14	-0.1478767800507185	-0.423	0.127	0.8625373902077693	-0.06422206957764792	True	Both	Hypokalemia [Hypopotassemia]	Endocrine/Metab
MB_280.31	237	1083	0.00001976831916235623	4.704030255802497	0.147	0.6283271732696188	0.34	0.917	1.8744722877389153	0.27287902418086385	True	Both	Cannabis abuse or dependance	Mental
SO_371.3	58	1357	0.15238283687764134	0.8170639455232314	0.303	0.4333331280421302	-0.16	1.027	1.542389948471054	0.18819418633457244	True	Both	Nuclear cataract	Sense organs
SS_840.63	73	1315	0.6836990163005663	0.16513504495815015	0.244	0.0993107669169692	-0.378	0.577	1.1044094601576444	0.04313011806561978	True	Both	Allergy to narcotic agent	Symptoms
GI_524	120	1267	0.03318496276617173	1.4790586653040005	0.194	0.4138382888097894	0.033	0.795	1.5126125007377131	0.17972768523037574	True	Both	Functional intestinal disorder	Gastrointestinal
GI_556.8	51	1341	0.12057303525187772	0.9187498062148703	0.289	0.44887137152401535	-0.118	1.016	1.5665431421825013	0.19494235973722432	True	Both	Nonspecific abnormal findings in stool contents	Gastrointestinal
DE_680	70	1302	0.03854468640365798	1.4140354833620585	0.251	0.5199895737855214	0.027	1.013	1.6820101126092744	0.22582860254227569	True	Both	Epidermal thickening	Dermatological
GI_522.1	50	1373	0.9285939089340717	0.032174169393727435	0.293	0.02623626587371756	-0.548	0.6	1.0265834664625995	0.011394265494702134	True	Both	Inflammatory bowel disease	Gastrointestinal
ID_004	79	1273	0.4172071780413228	0.37964822815317706	0.235	0.1905531168374398	-0.27	0.651	1.2099186389823369	0.08275616715196575	True	Both	Streptococcus	Infections
SO_387.3	69	1333	0.032751344655911535	1.4847708646903888	0.253	0.5401988634678533	0.044	1.036	1.716348147193768	0.2346053855344968	True	Both	Astigmatism	Sense organs
BI_170	55	1345	0.8617530825766836	0.06461715440258013	0.281	-0.0490022630869279	-0.601	0.503	0.9521789748322755	-0.021281412459424207	True	Both	Decreased white blood cell count	Blood/Immune
GI_529	645	618	1.9735348159724366e-6	5.704755207626035	0.12	0.5689146543155043	0.334	0.803	1.7663489115311517	0.24707649504311952	True	Both	Symptoms involving digestive system	Gastrointestinal
SS_834.1	62	1342	0.13322912793065142	0.8754008148308638	0.265	0.3986060176682956	-0.122	0.919	1.489746569144478	0.1731123939267709	True	Both	Abnormal Papanicolaou smear	Symptoms
RE_463	256	1010	1.3540829359971526e-8	7.868354734806826	0.148	0.8397221131517659	0.55	1.13	2.31572337829048	0.36468668007394994	True	Both	Rhinitis and nasal congestion	Respiratory
GE_972.1	63	1332	0.012322895178655174	1.9092872457106775	0.265	0.6625855825945456	0.144	1.181	1.9398013726364083	0.2877572623094624	True	Both	Hereditary neuropathy	Genetic
GI_529.5	404	856	5.212445797400823e-6	5.2829584480876575	0.125	0.5679442963060274	0.324	0.812	1.7646357520407583	0.24665507391413305	True	Both	Constipation	Gastrointestinal
GU_619.2	126	587	0.5337658745817345	0.27264919554400835	0.198	0.12331571317088304	-0.265	0.512	1.1312415124202033	0.05355533376207864	True	Female	Ovarian cyst	Genitourinary
SS_807	493	771	8.045680869608303e-8	7.0944371976306275	0.122	0.6526946834620407	0.414	0.891	1.9207095661342688	0.2834616993951539	True	Both	Malaise and fatigue	Symptoms
CV_404.1	87	1310	0.1465690557986071	0.8339577098752915	0.239	-0.3470542254405999	-0.816	0.121	0.7067670024665322	-0.15072373503005965	True	Both	Myocardial infarction [Heart attack]	Cardiovascular
ID_054.31	310	1071	0.00020157102993716795	3.6955718851357533	0.131	0.48692510527998134	0.23	0.744	1.6273047282825073	0.2114688863232558	True	Both	Chronic hepatitis C	Infections
EM_256.7	267	1010	0.6452570071635737	0.19026727054085424	0.141	-0.06496951932232144	-0.342	0.212	0.9370960262640236	-0.028215903733590904	True	Both	Volume depletion	Endocrine/Metab
PP_927.2	50	691	0.006879484390770935	2.1624441104031944	0.308	0.8327332339934219	0.229	1.437	2.2995954910095033	0.36165144842079255	True	Female	Tobacco use during pregnancy	Pregnancy
GI_540.2	64	1351	0.00005391735376967554	4.268271430853845	0.27	1.090237559151128	0.561	1.619	2.974980722519224	0.47348415590300497	True	Both	Acute hepatitis	Gastrointestinal
NS_329.4	64	1346	4.1883888722437844e-10	9.37795300291743	0.349	2.1806659080269104	1.496	2.865	8.852199046876784	0.9470511707306313	True	Both	Specified cognitive deficit	Neurological
GI_557.8	92	1286	0.7474092582908912	0.12644152677037576	0.22	0.0709237431674862	-0.361	0.503	1.0734993610860406	0.03080179029356274	True	Both	Hemorrhage of rectum and anus	Gastrointestinal
NS_333.1	257	1130	0.004436300600022835	2.3529790340945334	0.151	0.4294519975742462	0.134	0.725	1.5364153334785455	0.1865086327888238	True	Both	Sleep apnea	Neurological
SS_840	518	778	6.132281199735707e-9	8.212377938505616	0.12	0.6994966334293646	0.464	0.935	2.012739306753429	0.3037875280082748	True	Both	Allergy	Symptoms
SO_391.1	90	1242	0.0011488032576941433	2.9397543415587872	0.222	0.7225537809085578	0.287	1.158	2.0596864879597283	0.3138011199269178	True	Both	Otitis media	Sense organs
SS_807.21	81	1309	0.09146236062924469	1.0387575937379254	0.231	0.389809307246651	-0.063	0.842	1.4766991712009692	0.1692920311317498	True	Both	Muscle weakness (generalized)	Symptoms
MS_745.5	80	1318	0.0017083723789357817	2.767417458886953	0.234	0.7352048414244535	0.276	1.195	2.085909229363454	0.31929540569919546	True	Both	Fracture of hand or wrist	Muscloskeletal
RE_474.1	55	1348	0.1780258816128848	0.7495168548565037	0.286	0.38556023573595627	-0.176	0.947	1.470437882574737	0.16744668282144273	True	Both	Emphysema	Respiratory
ID_054.3	403	986	0.0358219696437954	1.4458505384782123	0.121	0.2531713792249461	0.017	0.49	1.2881040121866218	0.10995093297322965	True	Both	Hepatitis C	Infections
MB_299	195	1108	7.137343317401659e-11	10.146463412495274	0.16	1.0453197951037148	0.731	1.36	2.8443079739886743	0.4539766188377812	True	Both	Mental disorder, not otherwise specified	Mental
MB_308.3	85	1303	0.02778398006944856	1.556205541233848	0.225	0.4952356254026087	0.054	0.936	1.6408848276583594	0.2150780993542588	True	Both	Hallucinations	Mental
GI_556	96	1253	0.06947697703806126	1.1581590860834585	0.216	0.391950165380812	-0.031	0.815	1.479863961107693	0.1702217940059536	True	Both	Other digestive system symptoms and diseases	Gastrointestinal
MB_288	986	347	5.926143310221397e-23	22.22722785031027	0.155	1.5265259177902402	1.223	1.83	4.602160733073737	0.6629617825785983	True	Both	Anxiety and anxiety disorders	Mental
GI_512	177	1178	0.0014252223064342413	2.8461173890395943	0.169	0.5401670205323971	0.208	0.872	1.7162934945006523	0.23459155632334058	True	Both	Aphagia and dysphagia	Gastrointestinal
DE_681	170	1131	0.022200860242075248	1.6536301971192637	0.167	0.38223488218729323	0.055	0.71	1.4655562777731421	0.16600250012488105	True	Both	Localized swelling, mass and lump of skin and subcutaneous tissue	Dermatological
GI_554.12	53	1363	0.618066324089724	0.20896491869653264	0.289	-0.14397850054905226	-0.71	0.422	0.8659063643704902	-0.0625290683011577	True	Both	Chronic pancreatitis	Gastrointestinal
GU_626.1	179	508	0.000029019578726374658	4.537308896451654	0.176	0.7378011120919419	0.392	1.084	2.0913318505608856	0.3204229517236129	True	Female	Irregular menstrual cycle/bleeding	Genitourinary
MS_716	294	1049	0.000037581605947785294	4.425024665444667	0.144	0.5931185896831024	0.311	0.875	1.809623096621197	0.25758813061361036	True	Both	Intervertebral disc disorder	Muscloskeletal
CV_401	644	703	0.2860899657606386	0.5434973742506837	0.124	0.1320941216932065	-0.111	0.375	1.1412157273690136	0.05736774814321625	True	Both	Hypertension	Cardiovascular
EM_256.71	237	1056	0.35897474697096476	0.44493610194232835	0.148	-0.13563993309511307	-0.425	0.154	0.8731569708218722	-0.05890767446893386	True	Both	Dehydration	Endocrine/Metab
SS_805	273	1003	0.006114158684086401	2.213663293982717	0.138	0.37845216924868136	0.108	0.649	1.460022971132225	0.16435968876901785	True	Both	Fever	Symptoms
PP_938	116	620	0.0016045325791088235	2.7946514603799177	0.218	0.6868638660021712	0.26	1.114	1.9874727683675029	0.2983011868234775	True	Female	Other conditions or status of the mother complicating pregnancy, childbirth, or the puerperium	Pregnancy
EM_204.4	186	1168	0.8075693657498535	0.09282016389646959	0.164	-0.040019655482595264	-0.362	0.282	0.9607705545578178	-0.017380315543760325	True	Both	Hyperglycemia	Endocrine/Metab
GI_542.2	125	1228	0.6783548622322993	0.1685430577672896	0.191	0.07912857319158577	-0.295	0.453	1.0823434734793298	0.03436510269798324	True	Both	Fatty liver disease (FLD)	Gastrointestinal
GU_585	152	1225	0.6080840925494397	0.21603635756144812	0.175	0.08956351617221545	-0.253	0.432	1.0936967985404522	0.038896940853445784	True	Both	Kidney stone disease	Genitourinary
CA_138	91	1301	0.0001117469101584357	3.9517644764259425	0.228	0.8819451476636037	0.435	1.329	2.4155938262463836	0.38302391097165167	True	Both	Benign neoplasm of the skin	Neoplasms
MS_710	91	1300	0.003347271187822738	2.4753091007274013	0.223	0.6528691915907217	0.217	1.089	1.9210447748138635	0.2835374873124873	True	Both	Acquired deformities of limbs	Muscloskeletal
GI_520.1	124	1255	0.06328961414073248	1.198667552090685	0.191	0.3543103119512649	-0.02	0.728	1.4251973736463126	0.1538750133618541	True	Both	Hernia of the abdominal wall	Gastrointestinal
MB_280.51	492	838	0.00006564910322221785	4.1827712020695875	0.118	0.472685610623011	0.241	0.705	1.6042969297707934	0.2052847523686428	True	Both	Stimulant abuse or dependance	Mental
DE_668	248	1043	4.2245490257022846e-6	5.374219645555114	0.146	0.6734494383541556	0.387	0.96	1.9609899815510263	0.2924753749180539	True	Both	Dermatitis [eczema]	Dermatological
CV_424.3	69	1348	0.38004428986295236	0.42016578832466556	0.261	-0.22910816634640874	-0.741	0.282	0.7952425103759178	-0.09950041240321762	True	Both	Diastolic heart failure	Cardiovascular
GU_592	123	1221	0.37628494472042207	0.4244831575920269	0.195	0.1722952931734445	-0.209	0.554	1.1880285981570031	0.07482689508312998	True	Both	Cystitis and urethritis	Genitourinary
NS_331.61	56	1353	0.10531085853775858	0.9775268466692147	0.275	0.44612544102894647	-0.094	0.986	1.56224742416728	0.193749817275526	True	Both	Migraine with aura	Neurological
GI_510.2	117	1258	0.7254262485172889	0.139406734142991	0.199	0.06987266043174152	-0.32	0.46	1.072371617220649	0.030345310861405045	True	Both	Esophagitis	Gastrointestinal
MS_719.8	52	1363	0.6027590183141982	0.21985628310763417	0.285	0.14828173051609359	-0.41	0.707	1.1598396125504824	0.06439793733020444	True	Both	Rhabdomyolysis	Muscloskeletal
GI_502.3	102	1226	0.13035582956652078	0.8848695422328169	0.207	0.31284451727208484	-0.092	0.718	1.3673089215784553	0.135866647544953	True	Both	Diseases of pulp and periapical tissues	Gastrointestinal
SO_392.1	82	1281	0.053983422178460895	1.267739587617365	0.23	0.4429528218423321	-0.008	0.893	1.5572988621173978	0.192371966269599	True	Both	Otalgia [ear pain]	Sense organs
DE_660.122	82	1335	0.015310125461214024	1.8150212503932026	0.238	0.576848592004487	0.111	1.043	1.7804187545562828	0.250522160401209	True	Both	Dermatophytosis of nail	Dermatological
MS_719.11	120	1212	0.005795920031246168	2.236877615303711	0.196	0.5394493316450306	0.156	0.923	1.7150621716384096	0.23427986799983402	True	Both	Spasm of muscle	Muscloskeletal
GI_513	96	1301	0.06062719592130833	1.217332517928062	0.214	0.40068970155761463	-0.018	0.819	1.4928539663622407	0.17401732634193287	True	Both	Peptic ulcer	Gastrointestinal
MS_710.4	68	1338	0.025730188195874932	1.5895570372591017	0.253	0.564197910739031	0.068	1.06	1.7580371143666567	0.2450280393353046	True	Both	Acquired deformities of the ankle and foot	Muscloskeletal
SO_363.2	72	1322	0.014762698213454845	1.8308342582230166	0.255	0.6209986164418853	0.122	1.12	1.8607853251556907	0.2696962723902647	True	Both	Dry eye syndrome [Tear film insufficiency]	Sense organs
GI_502.1	245	1073	6.051832201479682e-8	7.218113122119723	0.144	0.7780136248396291	0.497	1.059	2.177143344031394	0.3378870241133976	True	Both	Diseases of hard tissues of teeth	Gastrointestinal
MB_308.1	56	1338	0.010891789154509278	1.962900774412449	0.277	0.7048575795615263	0.162	1.247	2.0235584683145325	0.3061157573312532	True	Both	Delirium	Mental
EM_232.4	238	1143	0.00025804712898302366	3.5883009685016694	0.147	0.5375222455111224	0.249	0.826	1.7117602816437085	0.23344294512572547	True	Both	Vitamin D deficiency	Endocrine/Metab
SS_848	54	1333	0.26012959653744483	0.5848102326497602	0.281	0.3167817186938626	-0.235	0.868	1.3727029038378895	0.1375765523965727	True	Both	Nonspecific abnormal findings of other body structures	Symptoms
DE_664	51	1368	0.7034598518231219	0.15276068377184893	0.29	0.1104889112586881	-0.458	0.679	1.1168239648114189	0.04798472447114634	True	Both	Papulosquamous disorders	Dermatological
MB_296	172	1215	5.051122051212705e-10	9.296612137421567	0.169	1.052411617057235	0.721	1.384	2.864550994829282	0.4570565579788354	True	Both	Personality disorders	Mental
GU_605	71	584	0.0031912973700814157	2.4960327256816908	0.265	0.7802789202511565	0.262	1.299	2.1820808071537354	0.3388708294105048	True	Male	Male sexual dysfuction	Genitourinary
GI_526	106	1263	0.5092937324696325	0.2930316683567146	0.205	0.13514448452232145	-0.266	0.537	1.1447021641490036	0.05869250388770361	True	Both	Intestinal infection	Gastrointestinal
CV_444.1	66	1341	0.0006609355757155455	3.179840871036021	0.263	0.8963319767872728	0.38	1.412	2.450597755874036	0.3892720314721462	True	Both	Varicose veins	Cardiovascular
DE_682	179	1139	6.333815327916918e-6	5.198334603300046	0.164	0.7383613511575542	0.418	1.059	2.092503824624903	0.320666260458355	True	Both	Other follicular disorders	Dermatological
MS_740	56	1343	0.6883832272796564	0.16216971996654791	0.277	0.11108524109118878	-0.432	0.654	1.1174901588752428	0.04824370722679569	True	Both	Dislocation	Muscloskeletal
NS_333.6	85	1315	0.050437333806278996	1.2972478789551158	0.23	0.4490699565387557	-0.001	0.899	1.5668542650666317	0.19502860411331469	True	Both	Sleep related movement disorders	Neurological
NS_336.5	60	1338	0.5076183778016365	0.294462663107357	0.268	0.1774339149754984	-0.347	0.702	1.1941491399196695	0.07705857017634968	True	Both	Mononeuritis of lower limb	Neurological
GI_526.1	59	1358	0.3340922425129095	0.4761336083874609	0.267	0.2580700383244351	-0.266	0.782	1.294429475121023	0.11207839358886287	True	Both	Bacterial enteritis	Gastrointestinal
DE_660	715	570	0.000010658315002429694	4.972311448497867	0.117	0.5138213144368462	0.285	0.743	1.671666970393578	0.22314976154419802	True	Both	Infection of the skin	Dermatological
MS_726.1	73	1342	0.6568744992612718	0.18251759769241999	0.257	0.1142439718895569	-0.39	0.618	1.1210255902553612	0.04961552658234479	True	Both	Osteoporosis	Muscloskeletal
MS_730	123	1241	0.0023756799174630794	2.6242120735577386	0.193	0.5870819129136772	0.208	0.966	1.798731893323642	0.25496643520361545	True	Both	Other disorders and symptoms of the musculoskeletal system	Muscloskeletal
MS_718.1	292	1052	3.989490266543821e-10	9.39908259017016	0.142	0.8893285174890141	0.611	1.168	2.43349505318049	0.3862304677446784	True	Both	Radiculopathy	Muscloskeletal
CV_448.9	56	1356	0.24923463113537647	0.6033916126306993	0.305	-0.3510546189768031	-0.948	0.246	0.7039453040333539	-0.15246108386827417	True	Both	Peripheral vascular disease NOS [includes PAD]	Cardiovascular
EM_247.8	254	1103	0.020126270081511972	1.69623670365636	0.143	0.3328739782621261	0.052	0.614	1.3949714906606958	0.14456533192842436	True	Both	Mineral deficiencies	Endocrine/Metab
CA_136.41	106	1295	0.9186676316345385	0.03684158530119851	0.222	0.022689372742631282	-0.413	0.458	1.022948734430502	0.009853869379970777	True	Both	Benign neoplasm of the colon	Neoplasms
DE_678	132	1185	0.0031621185088241692	2.5000218577548736	0.19	0.5593644467174809	0.188	0.931	1.7495602081398278	0.2429288925822674	True	Both	Other skin and subcutaneous disorders	Dermatological
MS_741	343	926	1.1154345920410888e-6	5.9525558912236844	0.13	0.6351649716303759	0.38	0.891	1.8873334722576383	0.2758486422773077	True	Both	Sprains and strains	Muscloskeletal
SO_360	58	1335	0.04370554353014685	1.3594634744285803	0.271	0.5470269173454319	0.015	1.079	1.7281075661008423	0.23757077165566728	True	Both	Inflammation of eyelids	Sense organs
GI_502	357	962	1.0365391865150591e-6	5.984414274693557	0.125	0.6122967266856135	0.367	0.858	1.8446632245015666	0.2659170896869855	True	Both	Diseases of teeth and supporting structures	Gastrointestinal
PP_927.3	76	657	0.07328431419826673	1.1349889719637014	0.256	0.4593835137343988	-0.043	0.962	1.5830977260950574	0.19950772509217607	True	Female	Other drug use during pregnancy	Pregnancy
CV_439	123	1210	0.1463935641448713	0.8344780156123737	0.197	0.28570567839436445	-0.1	0.671	1.3307007436310367	0.12408039957509757	True	Both	Hemorrhoids	Cardiovascular
NS_337	219	1127	0.5520961923432605	0.2579852480600307	0.155	0.09200033406426768	-0.211	0.395	1.0963651883371897	0.03995523741736726	True	Both	Polyneuropathies	Neurological
EM_215.1	56	617	0.00001420354276778936	4.847603316701468	0.305	1.322318883373713	0.725	1.919	3.7521120072377894	0.5742757943656731	True	Male	Testicular hypofunction	Endocrine/Metab
RE_494	50	1365	0.000809632746484521	3.0917119346323383	0.306	1.0238726758613732	0.425	1.623	2.783955270914856	0.44466225329811115	True	Both	Voice disturbance	Respiratory
MS_726	77	1336	0.6252955945059735	0.20391463111220803	0.25	0.12217868031431181	-0.368	0.613	1.1299559846340286	0.05306152666672707	True	Both	Osteoporosis and low bone density	Muscloskeletal
EM_236.1	514	867	0.0005416011954407174	3.266320385732192	0.119	0.4128800193154542	0.179	0.647	1.5111637046009436	0.17931151407680979	True	Both	Obesity	Endocrine/Metab
EM_239.11	110	1279	0.8254616525961664	0.08330309738933102	0.216	0.04760334875580091	-0.375	0.471	1.0487545830019163	0.020673871684760377	True	Both	Pure hypercholesterolemia	Endocrine/Metab
SS_809.1	175	1103	0.004184418124911311	2.378364925414961	0.165	0.47157449158029674	0.149	0.794	1.6025153548561561	0.20480219949965436	True	Both	Acute pain	Symptoms
RE_475	394	963	0.0003303985582304633	3.480961856490639	0.124	0.4465301797295138	0.203	0.69	1.5628798541355104	0.1939255930597951	True	Both	Asthma	Respiratory
MB_304	576	858	0.9985695374451834	0.0006216867500194827	17200.0	30.829593839199138	-33700.0	33700.0	24497540463601.51	13.389122483682675	False	Both	Attention-deficit hyperactivity disorders	Mental
NS_331.6	326	1036	0.00012211419443409525	3.9132338511566247	0.133	0.5122804022032783	0.251	0.774	1.669093061901282	0.2224805518640622	True	Both	Migraine	Neurological
SS_807.2	193	1113	0.11682675367543824	0.9324576911009989	0.159	0.24965972517750062	-0.062	0.562	1.283588569495259	0.10842584099807087	True	Both	Weakness	Symptoms
GI_524.1	111	1288	0.026387440943530675	1.5786027256569048	0.201	0.4456854921016607	0.052	0.839	1.5615602662571388	0.19355874988408653	True	Both	Irritable bowel syndrome	Gastrointestinal
CV_417	415	829	0.000014169578257952719	4.848643075861903	0.122	0.5312814523547771	0.291	0.771	1.7011108049475494	0.2307326030952251	True	Both	Abnormalities of heart beat	Cardiovascular
MB_286	1104	273	1.1801231993564317e-17	16.92807265200934	0.171	1.4618119997999757	1.127	1.797	4.313768999392495	0.6348568850930869	True	Both	Mood [affective] disorders	Mental
RE_479.6	118	1228	0.8382584433620905	0.07662206344391166	0.199	-0.040574811690634094	-0.43	0.349	0.9602373248465413	-0.017621416821505958	True	Both	Pulmonary collapse [Atelectasis]	Respiratory
SS_829	208	1075	0.000021882684850723384	4.659899394206978	0.154	0.6540077706239154	0.352	0.956	1.9232332817739375	0.2840319659038141	True	Both	Abnormal findings on examination of blood	Symptoms
GI_554.1	100	1313	0.8572566265193755	0.0668891491413633	0.212	-0.038086119833224276	-0.453	0.377	0.9626300357832254	-0.016540591680675315	True	Both	Pancreatitis	Gastrointestinal
GI_540.1	319	1056	0.0001927019792282336	3.715113824714106	0.13	0.483436304202067	0.229	0.738	1.6216372778445354	0.20995371926665954	True	Both	Chronic hepatitis	Gastrointestinal
SS_834	90	1310	0.004663537864407809	2.3312844927433884	0.225	0.6379096297246338	0.196	1.08	1.892520672638261	0.2770406321423551	True	Both	Abnormal cytological findings in specimens from genital organs	Symptoms
GI_502.32	87	1244	0.45906383832593844	0.33812691641289455	0.224	0.1658382261852298	-0.273	0.605	1.180382131356414	0.07202262652086867	True	Both	Periapical abscess	Gastrointestinal
GI_542	221	1100	0.3240865134860371	0.48933904129257055	0.15	0.14828785525381707	-0.146	0.443	1.159846716285665	0.0644005972700009	True	Both	Chronic liver disease	Gastrointestinal
MB_288.2	191	1148	4.747616440133183e-8	7.32352437494541	0.16	0.871686419272588	0.559	1.185	2.3909395820975528	0.3785686018400894	True	Both	Panic disorder [episodic paroxysmal anxiety]	Mental
ID_059.1	94	1249	0.8732385864356585	0.0588670820492119	0.219	-0.034996144044842345	-0.465	0.395	0.9656091395959301	-0.015198632246566366	True	Both	Sars-CoV-2*	Infections
MB_280.11	424	902	3.855007593099457e-10	9.41397476219462	0.122	0.7647603366657714	0.525	1.004	2.148479401210743	0.3321311941924176	True	Both	Alcohol abuse and dependence	Mental
MS_724.1	313	991	5.239966536242283e-6	5.280671486522328	0.14	0.6386090263657604	0.364	0.913	1.8938447582164963	0.277344376244258	True	Both	Myalgia	Muscloskeletal
CV_436	151	1220	0.6463905561223657	0.18950499730448733	0.197	0.09043287464074913	-0.296	0.477	1.0946480265334169	0.039274498439125824	True	Both	Atherosclerosis [ASCVD]	Cardiovascular
EM_239.2	143	1250	0.08935016404782738	1.0489046457884343	0.185	0.31503816767792925	-0.048	0.679	1.370311611571147	0.13681933781143604	True	Both	Hyperglyceridemia	Endocrine/Metab
SO_367	115	1227	0.05140449648578959	1.2889988904686218	0.198	0.38601049230956336	-0.002	0.774	1.4711001059714783	0.167642226766801	True	Both	Inflammation of the eye	Sense organs
ID_092	336	1032	0.04274779828096046	1.369086248632966	0.13	-0.26342749039578384	-0.518	-0.009	0.7684133377662518	-0.11440510546051076	True	Both	Bacteremia, Sepsis, and SIRS	Infections
GI_530	59	1326	0.1249626268068455	0.903219854179582	0.267	0.40936422437236036	-0.114	0.932	1.5058600915611535	0.17778462373352077	True	Both	Disease of anus and rectum	Gastrointestinal
MB_296.4	96	1299	6.563184514336469e-7	6.182885386017078	0.224	1.115632461144064	0.676	1.555	3.051497522615255	0.48451302170701105	True	Both	Borderline personality disorder	Mental
GU_582.1	241	1110	0.10628897522933693	0.9735117801180102	0.151	-0.24391032415290947	-0.54	0.052	0.7835578973305529	-0.10592890785884207	True	Both	Acute kidney failure	Genitourinary
SO_375	52	1369	0.00419241884098734	2.3775353359377425	0.305	0.8722525234374042	0.275	1.469	2.3922934861420035	0.3788144577550515	True	Both	Abnormal intraocular pressure	Sense organs
CV_403	91	1306	0.06344773692053525	1.1975838638837235	0.223	0.41378516562567336	-0.023	0.851	1.5125321480796536	0.17970461412465302	True	Both	Angina pectoris	Cardiovascular
SO_396.8	55	1340	0.009848516569708055	2.0066291800716582	0.29	0.7496725102985736	0.18	1.319	2.1163068344205245	0.3255786344572293	True	Both	Bilateral hearing loss	Sense organs
GU_625	92	600	0.019152099875990126	1.7177836021361665	0.225	0.5267576011638122	0.086	0.967	1.6934326133992725	0.22876791948603759	True	Female	Pain and other symptoms associated with female genital organs	Genitourinary
RE_462.2	116	1219	0.000012233429045783806	4.912451792601648	0.203	0.8870889899208863	0.49	1.285	2.4280512719463303	0.3852578532797703	True	Both	Chronic sinusitis	Respiratory
DE_660.1	175	1161	0.000039666627475114635	4.401574722419985	0.169	0.6951418619130573	0.364	1.027	2.003993344106693	0.30189627476879305	True	Both	Fungal infection of the skin	Dermatological
MS_719	246	1044	0.004279138109630862	2.3686436963899546	0.145	0.41441182140068344	0.13	0.699	1.513480282130948	0.17997676726979275	True	Both	Disorders of muscle	Muscloskeletal
GU_586	110	1253	0.976010091299022	0.010545691992300127	0.209	-0.006271213017537399	-0.415	0.402	0.9937484099973546	-0.0027235532083563566	True	Both	Other disorders of the kidney and ureters	Genitourinary
MS_718	889	432	3.043429207932533e-7	6.516636795754847	0.13	0.6659646541195322	0.411	0.921	1.9463671871498047	0.2892247744267205	True	Both	Back pain	Muscloskeletal
BI_181	403	929	2.211708730719761e-6	5.655272067679378	0.122	0.578377445175651	0.339	0.818	1.7831428352442815	0.2511861328970858	True	Both	Autoimmune disease	Blood/Immune
MS_711	64	1342	0.06063598669405836	1.2172695510155773	0.261	0.48927595138227126	-0.022	1.0	1.6311347714173288	0.21248984581328415	True	Both	Disorder of patella	Muscloskeletal
DE_683	87	1296	0.0639637951064915	1.1940657765563356	0.227	0.4205660988414176	-0.024	0.866	1.5228233802078868	0.18264953600240524	True	Both	Nail disorders	Dermatological
SS_800	636	634	0.0052441966201673485	2.2803210337148077	0.119	0.3316295131587835	0.099	0.564	1.3932365770640291	0.14402486760112151	True	Both	Chest pain	Symptoms
NS_331.1	63	1327	0.01771724933852367	1.7516037028681852	0.261	0.6179580227359656	0.107	1.129	1.8551360259721372	0.2683757593220741	True	Both	Tension headache	Neurological
NS_324.3	127	1206	0.029139231557849612	1.535521905365823	0.189	0.41268518653305586	0.042	0.783	1.5108693090516	0.17922689927452032	True	Both	Abnormal involuntary movements	Neurological
ID_070	180	1151	0.05149149480922361	1.2882645003270827	0.166	0.324173538825933	-0.002	0.65	1.3828872709307534	0.14078677909115228	True	Both	Candidiasis	Infections
GI_542.11	74	1336	0.7686195739855418	0.11428855980705213	0.247	-0.0726999577541781	-0.557	0.412	0.9298797913945566	-0.03157319048723906	True	Both	Cirrhosis of liver	Gastrointestinal
EM_200.12	180	1210	0.0018830278739101803	2.725143251201719	0.169	0.5250427099758419	0.194	0.856	1.6905310493775079	0.22802315170603757	True	Both	Hypothyroidism (not specified as secondary)	Endocrine/Metab
RE_465	222	1055	0.000025584837929282368	4.5920173297820055	0.151	0.6348399792507763	0.339	0.93	1.8867202029207197	0.275707499880187	True	Both	Pharyngitis	Respiratory
RE_479.31	156	1217	0.9039139342877903	0.04387291868757314	0.174	0.021014314420196693	-0.32	0.362	1.0212366699437159	0.009126400793671318	True	Both	Acute respiratory failure	Respiratory
GI_510	160	1210	0.7025525332864717	0.15332119588776755	0.175	0.06694441768851221	-0.277	0.411	1.0692360459119663	0.02907359119634726	True	Both	Diseases of esophagus	Gastrointestinal
DE_679.1	236	1020	6.73921682386247e-14	13.17139057065127	0.15	1.1271610498232851	0.832	1.422	3.086880548695313	0.489519824154529	True	Both	Rash and other nonspecific skin eruption	Dermatological
CV_410	63	1353	0.38034581646698706	0.4198213563125891	0.259	0.22725931654320974	-0.28	0.735	1.255155308278158	0.09869746713582037	True	Both	Inflammation of the heart [Carditis]	Cardiovascular
CV_440.11	97	1315	0.326570556583864	0.48602297357846375	0.213	0.20854891567434816	-0.208	0.625	1.2318891872774864	0.09057164328427596	True	Both	Deep vein thrombosis [DVT]	Cardiovascular
RE_488.6	66	1288	0.08949488634417836	1.048201779164006	0.254	0.4321274362503034	-0.067	0.931	1.5405314222004647	0.187670561042506	True	Both	Wheezing	Respiratory
CV_416	298	994	0.005998782808621167	2.2219368618039828	0.137	0.3755137265355068	0.108	0.643	1.4557390743467031	0.1630835393132973	True	Both	Cardiac arrhythmia and conduction disorders	Cardiovascular
SS_840.8	220	1090	9.59981708561475e-11	10.0177370419047	0.156	1.0097078569614422	0.704	1.315	2.74479902394748	0.43851055061271227	True	Both	Allergies related to other diseases/symptoms	Symptoms
CV_418.1	134	1204	0.04860121549303012	1.3133528691057172	0.186	0.3659936833404958	0.002	0.73	1.4419461343429951	0.15894903708622346	True	Both	Abnormal electrocardiogram [ECG] [EKG]	Cardiovascular
RE_463.2	197	1136	4.4906530010811487e-10	9.347690502171291	0.163	1.0168423674562377	0.697	1.336	2.7644518446550586	0.44160902915168276	True	Both	Allergic rhinitis	Respiratory
SO_397	50	1335	0.00021429967397030143	3.668978489681488	0.306	1.134169878772124	0.534	1.735	3.108591963363792	0.4925637198916135	True	Both	Other hearing abnormality	Sense organs
MB_286.4	132	1209	0.00008688649459079532	4.061047723902487	0.188	0.7386707406157911	0.37	1.108	2.093151323409046	0.3208006265928263	True	Both	Dysthymic disorder	Mental
MS_745.1	124	1283	0.05695879112451877	1.244439236602978	0.191	0.36283082233062314	-0.011	0.736	1.4373926639293186	0.1575754240026088	True	Both	Fracture of lower limb	Muscloskeletal
NS_330.1	80	1325	0.004757668435129488	2.322605827496557	0.233	0.6577115799896157	0.201	1.114	1.93036977917002	0.2856405098733593	True	Both	Epilepsy	Neurological
EM_230.21	99	1259	0.012388884064453197	1.9069678111765433	0.211	0.5271992788439132	0.114	0.94	1.694180729988404	0.22895973766528524	True	Both	Abnormal weight loss	Endocrine/Metab
CV_404.2	134	1252	0.5952787331309459	0.22527963273274068	0.203	-0.10799695629077392	-0.506	0.29	0.8976303285519897	-0.04690248217942977	True	Both	Coronary atherosclerosis [Atherosclerotic heart disease]	Cardiovascular
MS_734	82	1280	0.0008717599705799063	3.059603076767504	0.232	0.7739207541491661	0.318	1.23	2.1682507883037228	0.336109512957386	True	Both	Diseases of the jaws	Muscloskeletal
MB_280.3	313	986	0.000022852079766788336	4.6410742686734725	0.134	0.5660226447843416	0.304	0.828	1.7612479931511513	0.24582051126212393	True	Both	Cannabis use disorders	Mental
NS_345	142	1220	0.45323684657198215	0.34367479074948937	0.183	-0.1373043647740325	-0.496	0.221	0.8717048694959245	-0.05963052796259353	True	Both	Encephalopathy	Neurological
GI_555	54	1339	0.2989372294486937	0.5244199948393403	0.278	0.2889325644789121	-0.256	0.834	1.3350016989577245	0.125481818395347	True	Both	Ascites	Gastrointestinal
NS_351.1	109	1210	0.3180262312749734	0.49753705728555864	0.203	0.202707612557168	-0.195	0.601	1.224714324802099	0.08803479757336041	True	Both	Anesthesia of skin*	Neurological
CV_431.11	56	1361	0.22343169632820215	0.650855217236572	0.278	0.3382191978985507	-0.206	0.883	1.4024478833444274	0.14688673132108446	True	Both	Cerebral infarction [Ischemic stroke]	Cardiovascular
NS_355.2	111	1204	0.0009202567136130189	3.0360910055308996	0.2	0.663021851623386	0.271	1.055	1.940647832526083	0.2879467315413131	True	Both	Alteration of consciousness	Neurological
EM_211	60	1355	0.7361353769993559	0.13304231055742421	0.269	0.09061271054932907	-0.436	0.618	1.0948449012578858	0.03935260018187022	True	Both	Disorders of adrenal glands	Endocrine/Metab
CA_139	59	1322	0.08936629348469684	1.0488262542900313	0.273	0.46444374402826655	-0.071	1.0	1.591128867742863	0.2017053551859625	True	Both	Benign sarcoma-related cancers	Neoplasms
NS_330	241	1134	0.006805807785752228	2.1671203207068497	0.143	0.3881715802154382	0.107	0.669	1.4742827203348823	0.1685807753192303	True	Both	Epilepsy, recurrent seizures, convulsions	Neurological
SS_840.612	87	1304	0.10983913619187793	0.9592428911807693	0.224	0.3575221863311792	-0.081	0.796	1.4297822877195219	0.15526991268161733	True	Both	Allergy to antibiotic agent (excluding penicillin)	Symptoms
EM_256.31	170	1152	0.007692004397213056	2.1139604761646003	0.175	-0.4670115573518788	-0.81	-0.124	0.6268728453804531	-0.20282054234296498	True	Both	Acidosis	Endocrine/Metab
MB_286.12	67	1357	0.00005238597042598033	4.280785006573356	0.263	1.0650717389987838	0.549	1.581	2.901047094808723	0.4625547790782723	True	Both	Bipolar II disorder*	Mental
MB_282.2	287	1053	0.0651032244928685	1.1863975007593117	0.137	0.2521666312842469	-0.016	0.52	1.2868104422976356	0.10951457648688037	True	Both	Personal history of nicotine dependence	Mental
BI_180	59	1341	0.030556970648946257	1.514889702964757	0.267	0.5780230951907873	0.054	1.102	1.7825110905435757	0.251032240653997	True	Both	Other disorders involving the immune mechanism	Blood/Immune
GU_582.2	164	1256	0.1173761399684116	0.9304201767953828	0.179	-0.28085597907788007	-0.632	0.071	0.7551370831880951	-0.12197420192305845	True	Both	Chronic kidney disease	Genitourinary
GU_594.3	138	1239	0.00806292414851718	2.0935074257811235	0.188	0.49718421145840774	0.129	0.865	1.6440853501867967	0.21592435952580602	True	Both	Urinary incontinence and enuresis	Genitourinary
EM_200.2	71	1347	0.0018306086855250318	2.7374044814109397	0.254	0.7913422800830157	0.294	1.289	2.206355987229405	0.3436755855367913	True	Both	Goiter	Endocrine/Metab
ID_057.1	50	1380	0.5374448258717639	0.26966611382976324	0.302	-0.18638298717068552	-0.779	0.406	0.8299556717310449	-0.08094510284887331	True	Both	Human immunodeficiency virus	Infections
DE_685.8	58	1307	0.0004487913450329066	3.347955527065384	0.28	0.9815946297440096	0.433	1.53	2.668708452554121	0.42630113116368895	True	Both	Hyperhidrosis	Dermatological
GU_599	75	1285	0.13099748459343494	0.8827370435631613	0.239	0.36081292155729944	-0.107	0.829	1.4344950726702579	0.15669906083172602	True	Both	Other symptoms/disorders or the urinary system	Genitourinary
GE_972	71	1321	0.005765314696489645	2.2391769820000182	0.25	0.6902401892052228	0.2	1.18	1.9941944597066332	0.2997675053596847	True	Both	Genetic neuromuscular disease	Genetic
RE_460	542	699	7.42136963917178e-9	8.129515936790721	0.122	0.7076136685225934	0.468	0.948	2.0291432680383723	0.30731271155867906	True	Both	Respiratory infection	Respiratory
MS_706	72	1330	0.2192112975564079	0.659137067249841	0.247	0.302897066647107	-0.18	0.786	1.3537751086592351	0.1315465246295201	True	Both	Inflammatory spondylopathies	Muscloskeletal
EM_256.6	54	1344	0.08293220337384415	1.0812767959659224	0.305	-0.5287418537308393	-1.126	0.069	0.5893459868812317	-0.2296296694265998	True	Both	Fluid overload	Endocrine/Metab
RE_463.21	77	1292	0.00011016415484511579	3.957959693010033	0.244	0.944034697607059	0.466	1.423	2.570331033976737	0.4099890598959507	True	Both	Seasonal allergic rhinitis	Respiratory
MB_284.2	121	1242	0.0009983932869039984	3.000698347804231	0.194	0.6368700305062971	0.258	1.016	1.8905542319585023	0.2765891399384405	True	Both	Suicide and self-inflicted harm	Mental
ID_061	52	1324	0.0611571197059538	1.2135529765832385	0.285	0.5331297618033103	-0.025	1.091	1.7042578916204167	0.2315353136895727	True	Both	Influenza virus	Infections
MB_308	140	1212	0.000447656423270643	3.3490551795816983	0.181	0.6340305506008835	0.28	0.988	1.8851936554331263	0.2753559694840442	True	Both	Symptoms related to mental disorders	Mental
CV_401.1	617	725	0.2281953130505412	0.6416932798879651	0.125	0.1503032154528601	-0.094	0.395	1.162186582239033	0.06527585708349268	True	Both	Essential hypertension	Cardiovascular
MB_291	88	1298	0.03316999278103583	1.4792546229983543	0.223	0.47575470823311905	0.038	0.914	1.6092282371048208	0.20661764452513517	True	Both	Dissociative and somatoform disorders	Mental
DE_686	111	1264	0.3686678878494847	0.4333646891829517	0.207	-0.18615814360867738	-0.592	0.22	0.830142302901208	-0.08084745453060169	True	Both	Chronic ulcer of skin	Dermatological
SO_390	107	1250	0.004581195020737716	2.339021219983911	0.204	0.5793343296693104	0.179	0.98	1.7848499135814477	0.25160170255250086	True	Both	Disorders of external ear	Sense organs
EM_204.5	58	1351	0.4265109065509637	0.3700698587653028	0.281	-0.22325384621127983	-0.774	0.327	0.7999117689481507	-0.09695791347323604	True	Both	Prediabetes*	Endocrine/Metab
PP_926	67	660	0.00018516061212593056	3.7324513921446036	0.276	1.0330272768188271	0.491	1.575	2.809558284380814	0.4486380459779596	True	Female	Mental disorders complicating pregnancy, childbirth and the puerperium	Pregnancy
NS_329.41	51	1362	1.3713532922011175e-8	7.862850646532276	0.438	2.4877448818247694	1.629	3.347	12.034107163567363	1.0804138745595546	True	Both	Attention and concentration deficit	Neurological
ID_097.1	138	1225	0.5401361914901552	0.267496722111743	0.181	0.11111155210231949	-0.244	0.467	1.1175195615580569	0.04825513395374303	True	Both	Methicillin resistant Staphylococcus aureus	Infections
BI_164.1	245	1117	0.0380826799475827	1.4192724971180888	0.145	0.30074205892067973	0.017	0.585	1.3508608540886182	0.1306106166654738	True	Both	Microcytic anemia	Blood/Immune
MB_280.4	200	1149	0.000020664913524803177	4.6847664077439655	0.156	0.6625514640181756	0.358	0.968	1.9397351905041598	0.28774244480001454	True	Both	Sedative, hypnotic, or anxiolytic related disorders	Mental
EM_200.22	51	1373	0.0006314002089170337	3.1996952787448785	0.304	1.0396946431759866	0.443	1.636	2.8283532255182315	0.45153364639570137	True	Both	Uninodular goiter [single thyroid nodule]	Endocrine/Metab
DE_660.6	598	690	0.0007848712728370342	3.105201566287667	0.114	0.3837685945691902	0.16	0.608	1.467805744159007	0.16666858294916553	True	Both	Cellulitis and abscess	Dermatological
SO_363	77	1317	0.009502534445628463	2.0221605474529034	0.247	0.6404076193886705	0.156	1.124	1.8972540792565389	0.27812549526929753	True	Both	Disorders of lacrimal system	Sense organs
MB_287	240	1119	0.000418191679893216	3.3786246119114836	0.144	0.5078294948527466	0.226	0.79	1.661680591669569	0.2205475473622637	True	Both	Psychotic disorder	Mental
RE_468	319	1009	0.1159163281457351	0.9358553843631608	0.133	0.20860762299204555	-0.051	0.469	1.2319615103102968	0.09059713954839928	True	Both	Pneumonia	Respiratory
MS_719.1	164	1159	0.0015606014047366366	2.8067080065009047	0.171	0.5406991523307324	0.206	0.876	1.7172070318839407	0.23482265822700285	True	Both	Cramp and spasm	Muscloskeletal
CV_416.2	75	1332	0.2961030390120891	0.5285571352672095	0.265	-0.2771184571628253	-0.797	0.243	0.7579647054438517	-0.12035101677935767	True	Both	Atrial fibrillation and flutter	Cardiovascular
